0 verbose cli D:\APPlication\nodejs\node.exe D:\APPlication\nodejs\node_modules\npm\bin\npm-cli.js
1 info using npm@11.6.1
2 info using node@v24.11.0
3 silly config load:file:D:\APPlication\nodejs\node_modules\npm\npmrc
4 silly config load:file:D:\Project\Reviewly\.npmrc
5 silly config load:file:C:\Users\ASUS\.npmrc
6 silly config load:file:D:\APPlication\nodejs\node_global\etc\npmrc
7 verbose title npm install
8 verbose argv "install"
9 verbose logfile logs-max:10 dir:d:\Project\Reviewly\.npm-cache\_logs\2026-05-29T03_44_25_192Z-
10 verbose logfile d:\Project\Reviewly\.npm-cache\_logs\2026-05-29T03_44_25_192Z-debug-0.log
11 silly logfile done cleaning log files
12 silly packumentCache heap:4496293888 maxSize:1124073472 maxEntrySize:562036736
13 silly idealTree buildDeps
14 silly fetch manifest @hookform/resolvers@^3.9.1
15 silly packumentCache full:https://registry.npmjs.org/@hookform%2fresolvers cache-miss
16 http fetch GET 200 https://registry.npmjs.org/@hookform%2fresolvers 1866ms (cache miss)
17 silly packumentCache full:https://registry.npmjs.org/@hookform%2fresolvers set size:undefined disposed:false
18 silly fetch manifest react-hook-form@^7.54.1
19 silly packumentCache full:https://registry.npmjs.org/react-hook-form cache-miss
20 http cache https://registry.npmjs.org/react-hook-form 17ms (cache hit)
21 silly packumentCache full:https://registry.npmjs.org/react-hook-form set size:5150476 disposed:false
22 silly fetch manifest react@^19
23 silly packumentCache full:https://registry.npmjs.org/react cache-miss
24 http cache https://registry.npmjs.org/react 18ms (cache hit)
25 silly packumentCache full:https://registry.npmjs.org/react set size:6664217 disposed:false
26 silly fetch manifest @radix-ui/react-accordion@1.2.12
27 silly packumentCache full:https://registry.npmjs.org/@radix-ui%2freact-accordion cache-miss
28 http cache https://registry.npmjs.org/@radix-ui%2freact-accordion 7ms (cache hit)
29 silly packumentCache full:https://registry.npmjs.org/@radix-ui%2freact-accordion set size:830703 disposed:false
30 silly fetch manifest @types/react@^19
31 silly packumentCache full:https://registry.npmjs.org/@types%2freact cache-miss
32 http cache https://registry.npmjs.org/@types%2freact 5ms (cache hit)
33 silly packumentCache full:https://registry.npmjs.org/@types%2freact set size:2607900 disposed:false
34 silly fetch manifest @types/react-dom@^19
35 silly packumentCache full:https://registry.npmjs.org/@types%2freact-dom cache-miss
36 http cache https://registry.npmjs.org/@types%2freact-dom 3ms (cache hit)
37 silly packumentCache full:https://registry.npmjs.org/@types%2freact-dom set size:429026 disposed:false
38 silly fetch manifest react-dom@^19
39 silly packumentCache full:https://registry.npmjs.org/react-dom cache-miss
40 http cache https://registry.npmjs.org/react-dom 15ms (cache hit)
41 silly packumentCache full:https://registry.npmjs.org/react-dom set size:8890872 disposed:false
42 silly fetch manifest @radix-ui/react-alert-dialog@1.1.15
43 silly packumentCache full:https://registry.npmjs.org/@radix-ui%2freact-alert-dialog cache-miss
44 http cache https://registry.npmjs.org/@radix-ui%2freact-alert-dialog 5ms (cache hit)
45 silly packumentCache full:https://registry.npmjs.org/@radix-ui%2freact-alert-dialog set size:945599 disposed:false
46 silly fetch manifest @radix-ui/react-aspect-ratio@1.1.8
47 silly packumentCache full:https://registry.npmjs.org/@radix-ui%2freact-aspect-ratio cache-miss
48 http cache https://registry.npmjs.org/@radix-ui%2freact-aspect-ratio 3ms (cache hit)
49 silly packumentCache full:https://registry.npmjs.org/@radix-ui%2freact-aspect-ratio set size:590666 disposed:false
50 silly fetch manifest @radix-ui/react-avatar@1.1.11
51 silly packumentCache full:https://registry.npmjs.org/@radix-ui%2freact-avatar cache-miss
52 http cache https://registry.npmjs.org/@radix-ui%2freact-avatar 5ms (cache hit)
53 silly packumentCache full:https://registry.npmjs.org/@radix-ui%2freact-avatar set size:681949 disposed:false
54 silly fetch manifest @radix-ui/react-checkbox@1.3.3
55 silly packumentCache full:https://registry.npmjs.org/@radix-ui%2freact-checkbox cache-miss
56 http cache https://registry.npmjs.org/@radix-ui%2freact-checkbox 4ms (cache hit)
57 silly packumentCache full:https://registry.npmjs.org/@radix-ui%2freact-checkbox set size:851310 disposed:false
58 silly fetch manifest @radix-ui/react-collapsible@1.1.12
59 silly packumentCache full:https://registry.npmjs.org/@radix-ui%2freact-collapsible cache-miss
60 http cache https://registry.npmjs.org/@radix-ui%2freact-collapsible 4ms (cache hit)
61 silly packumentCache full:https://registry.npmjs.org/@radix-ui%2freact-collapsible set size:801871 disposed:false
62 silly fetch manifest @radix-ui/react-context-menu@2.2.16
63 silly packumentCache full:https://registry.npmjs.org/@radix-ui%2freact-context-menu cache-miss
64 http cache https://registry.npmjs.org/@radix-ui%2freact-context-menu 4ms (cache hit)
65 silly packumentCache full:https://registry.npmjs.org/@radix-ui%2freact-context-menu set size:1044411 disposed:false
66 silly fetch manifest @radix-ui/react-dialog@1.1.15
67 silly packumentCache full:https://registry.npmjs.org/@radix-ui%2freact-dialog cache-miss
68 http cache https://registry.npmjs.org/@radix-ui%2freact-dialog 4ms (cache hit)
69 silly packumentCache full:https://registry.npmjs.org/@radix-ui%2freact-dialog set size:1036325 disposed:false
70 silly fetch manifest @radix-ui/react-dropdown-menu@2.1.16
71 silly packumentCache full:https://registry.npmjs.org/@radix-ui%2freact-dropdown-menu cache-miss
72 http cache https://registry.npmjs.org/@radix-ui%2freact-dropdown-menu 4ms (cache hit)
73 silly packumentCache full:https://registry.npmjs.org/@radix-ui%2freact-dropdown-menu set size:1049847 disposed:false
74 silly fetch manifest @radix-ui/react-hover-card@1.1.15
75 silly packumentCache full:https://registry.npmjs.org/@radix-ui%2freact-hover-card cache-miss
76 http cache https://registry.npmjs.org/@radix-ui%2freact-hover-card 14ms (cache hit)
77 silly packumentCache full:https://registry.npmjs.org/@radix-ui%2freact-hover-card set size:971323 disposed:false
78 silly fetch manifest @radix-ui/react-label@2.1.8
79 silly packumentCache full:https://registry.npmjs.org/@radix-ui%2freact-label cache-miss
80 http cache https://registry.npmjs.org/@radix-ui%2freact-label 4ms (cache hit)
81 silly packumentCache full:https://registry.npmjs.org/@radix-ui%2freact-label set size:622756 disposed:false
82 silly fetch manifest @radix-ui/react-menubar@1.1.16
83 silly packumentCache full:https://registry.npmjs.org/@radix-ui%2freact-menubar cache-miss
84 http cache https://registry.npmjs.org/@radix-ui%2freact-menubar 4ms (cache hit)
85 silly packumentCache full:https://registry.npmjs.org/@radix-ui%2freact-menubar set size:549851 disposed:false
86 silly fetch manifest @radix-ui/react-navigation-menu@1.2.14
87 silly packumentCache full:https://registry.npmjs.org/@radix-ui%2freact-navigation-menu cache-miss
88 http cache https://registry.npmjs.org/@radix-ui%2freact-navigation-menu 4ms (cache hit)
89 silly packumentCache full:https://registry.npmjs.org/@radix-ui%2freact-navigation-menu set size:795749 disposed:false
90 silly fetch manifest @radix-ui/react-popover@1.1.15
91 silly packumentCache full:https://registry.npmjs.org/@radix-ui%2freact-popover cache-miss
92 http cache https://registry.npmjs.org/@radix-ui%2freact-popover 4ms (cache hit)
93 silly packumentCache full:https://registry.npmjs.org/@radix-ui%2freact-popover set size:1089273 disposed:false
94 silly fetch manifest @radix-ui/react-progress@1.1.8
95 silly packumentCache full:https://registry.npmjs.org/@radix-ui%2freact-progress cache-miss
96 http cache https://registry.npmjs.org/@radix-ui%2freact-progress 4ms (cache hit)
97 silly packumentCache full:https://registry.npmjs.org/@radix-ui%2freact-progress set size:596750 disposed:false
98 silly fetch manifest @radix-ui/react-radio-group@1.3.8
99 silly packumentCache full:https://registry.npmjs.org/@radix-ui%2freact-radio-group cache-miss
100 http cache https://registry.npmjs.org/@radix-ui%2freact-radio-group 3ms (cache hit)
101 silly packumentCache full:https://registry.npmjs.org/@radix-ui%2freact-radio-group set size:908487 disposed:false
102 silly fetch manifest @radix-ui/react-scroll-area@1.2.10
103 silly packumentCache full:https://registry.npmjs.org/@radix-ui%2freact-scroll-area cache-miss
104 http cache https://registry.npmjs.org/@radix-ui%2freact-scroll-area 3ms (cache hit)
105 silly packumentCache full:https://registry.npmjs.org/@radix-ui%2freact-scroll-area set size:867381 disposed:false
106 silly fetch manifest @radix-ui/react-select@2.2.6
107 silly packumentCache full:https://registry.npmjs.org/@radix-ui%2freact-select cache-miss
108 http cache https://registry.npmjs.org/@radix-ui%2freact-select 3ms (cache hit)
109 silly packumentCache full:https://registry.npmjs.org/@radix-ui%2freact-select set size:940573 disposed:false
110 silly fetch manifest @radix-ui/react-separator@1.1.8
111 silly packumentCache full:https://registry.npmjs.org/@radix-ui%2freact-separator cache-miss
112 http cache https://registry.npmjs.org/@radix-ui%2freact-separator 2ms (cache hit)
113 silly packumentCache full:https://registry.npmjs.org/@radix-ui%2freact-separator set size:589871 disposed:false
114 silly fetch manifest @radix-ui/react-slider@1.3.6
115 silly packumentCache full:https://registry.npmjs.org/@radix-ui%2freact-slider cache-miss
116 http cache https://registry.npmjs.org/@radix-ui%2freact-slider 3ms (cache hit)
117 silly packumentCache full:https://registry.npmjs.org/@radix-ui%2freact-slider set size:816874 disposed:false
118 silly fetch manifest @radix-ui/react-slot@1.2.4
119 silly packumentCache full:https://registry.npmjs.org/@radix-ui%2freact-slot cache-miss
120 http cache https://registry.npmjs.org/@radix-ui%2freact-slot 3ms (cache hit)
121 silly packumentCache full:https://registry.npmjs.org/@radix-ui%2freact-slot set size:387271 disposed:false
122 silly fetch manifest @radix-ui/react-switch@1.2.6
123 silly packumentCache full:https://registry.npmjs.org/@radix-ui%2freact-switch cache-miss
124 http cache https://registry.npmjs.org/@radix-ui%2freact-switch 4ms (cache hit)
125 silly packumentCache full:https://registry.npmjs.org/@radix-ui%2freact-switch set size:723564 disposed:false
126 silly fetch manifest @radix-ui/react-tabs@1.1.13
127 silly packumentCache full:https://registry.npmjs.org/@radix-ui%2freact-tabs cache-miss
128 http cache https://registry.npmjs.org/@radix-ui%2freact-tabs 3ms (cache hit)
129 silly packumentCache full:https://registry.npmjs.org/@radix-ui%2freact-tabs set size:855865 disposed:false
130 silly fetch manifest @radix-ui/react-toast@1.2.15
131 silly packumentCache full:https://registry.npmjs.org/@radix-ui%2freact-toast cache-miss
132 http cache https://registry.npmjs.org/@radix-ui%2freact-toast 3ms (cache hit)
133 silly packumentCache full:https://registry.npmjs.org/@radix-ui%2freact-toast set size:787771 disposed:false
134 silly fetch manifest @radix-ui/react-toggle@1.1.10
135 silly packumentCache full:https://registry.npmjs.org/@radix-ui%2freact-toggle cache-miss
136 http cache https://registry.npmjs.org/@radix-ui%2freact-toggle 2ms (cache hit)
137 silly packumentCache full:https://registry.npmjs.org/@radix-ui%2freact-toggle set size:655369 disposed:false
138 silly fetch manifest @radix-ui/react-toggle-group@1.1.11
139 silly packumentCache full:https://registry.npmjs.org/@radix-ui%2freact-toggle-group cache-miss
140 http cache https://registry.npmjs.org/@radix-ui%2freact-toggle-group 3ms (cache hit)
141 silly packumentCache full:https://registry.npmjs.org/@radix-ui%2freact-toggle-group set size:799697 disposed:false
142 silly fetch manifest @radix-ui/react-tooltip@1.2.8
143 silly packumentCache full:https://registry.npmjs.org/@radix-ui%2freact-tooltip cache-miss
144 http cache https://registry.npmjs.org/@radix-ui%2freact-tooltip 10ms (cache hit)
145 silly packumentCache full:https://registry.npmjs.org/@radix-ui%2freact-tooltip set size:1098971 disposed:false
146 silly fetch manifest @vercel/analytics@1.6.1
147 silly packumentCache full:https://registry.npmjs.org/@vercel%2fanalytics cache-miss
148 http cache https://registry.npmjs.org/@vercel%2fanalytics 3ms (cache hit)
149 silly packumentCache full:https://registry.npmjs.org/@vercel%2fanalytics set size:248369 disposed:false
150 silly fetch manifest @remix-run/react@^2
151 silly packumentCache full:https://registry.npmjs.org/@remix-run%2freact cache-miss
152 http cache https://registry.npmjs.org/@remix-run%2freact 7ms (cache hit)
153 silly packumentCache full:https://registry.npmjs.org/@remix-run%2freact set size:2785282 disposed:false
154 silly fetch manifest react@^18.0.0
155 silly packumentCache full:https://registry.npmjs.org/react cache-miss
156 http cache https://registry.npmjs.org/react 11ms (cache hit)
157 silly packumentCache full:https://registry.npmjs.org/react set size:6664217 disposed:false
158 silly fetch manifest react-dom@^18.0.0
159 silly packumentCache full:https://registry.npmjs.org/react-dom cache-miss
160 http cache https://registry.npmjs.org/react-dom 17ms (cache hit)
161 silly packumentCache full:https://registry.npmjs.org/react-dom set size:8890872 disposed:false
162 silly fetch manifest typescript@5.7.3
163 silly packumentCache full:https://registry.npmjs.org/typescript cache-miss
164 http cache https://registry.npmjs.org/typescript 32ms (cache hit)
165 silly packumentCache full:https://registry.npmjs.org/typescript set size:15409943 disposed:false
166 silly fetch manifest @sveltejs/kit@^1 || ^2
167 silly packumentCache full:https://registry.npmjs.org/@sveltejs%2fkit cache-miss
168 http cache https://registry.npmjs.org/@sveltejs%2fkit 10ms (cache hit)
169 silly packumentCache full:https://registry.npmjs.org/@sveltejs%2fkit set size:3977906 disposed:false
170 silly fetch manifest @opentelemetry/api@^1.0.0
171 silly packumentCache full:https://registry.npmjs.org/@opentelemetry%2fapi cache-miss
172 http cache https://registry.npmjs.org/@opentelemetry%2fapi 3ms (cache hit)
173 silly packumentCache full:https://registry.npmjs.org/@opentelemetry%2fapi set size:272967 disposed:false
174 silly fetch manifest @sveltejs/vite-plugin-svelte@^3.0.0 || ^4.0.0-next.1 || ^5.0.0 || ^6.0.0-next.0 || ^7.0.0
175 silly packumentCache full:https://registry.npmjs.org/@sveltejs%2fvite-plugin-svelte cache-miss
176 http cache https://registry.npmjs.org/@sveltejs%2fvite-plugin-svelte 3ms (cache hit)
177 silly packumentCache full:https://registry.npmjs.org/@sveltejs%2fvite-plugin-svelte set size:449245 disposed:false
178 silly fetch manifest svelte@^5.46.4
179 silly packumentCache full:https://registry.npmjs.org/svelte cache-miss
180 http cache https://registry.npmjs.org/svelte 9ms (cache hit)
181 silly packumentCache full:https://registry.npmjs.org/svelte set size:4729166 disposed:false
182 silly fetch manifest vite@^8.0.0-beta.7 || ^8.0.0
183 silly packumentCache full:https://registry.npmjs.org/vite cache-miss
184 http cache https://registry.npmjs.org/vite 69ms (cache hit)
185 silly packumentCache full:https://registry.npmjs.org/vite set size:38843326 disposed:false
186 silly fetch manifest @types/node@^22
187 silly packumentCache full:https://registry.npmjs.org/@types%2fnode cache-miss
188 http cache https://registry.npmjs.org/@types%2fnode 23ms (cache hit)
189 silly packumentCache full:https://registry.npmjs.org/@types%2fnode set size:11015753 disposed:false
190 silly fetch manifest @vitejs/devtools@^0.1.18
191 silly packumentCache full:https://registry.npmjs.org/@vitejs%2fdevtools cache-miss
192 http cache https://registry.npmjs.org/@vitejs%2fdevtools 35ms (cache hit)
193 silly packumentCache full:https://registry.npmjs.org/@vitejs%2fdevtools set size:218937 disposed:false
194 silly fetch manifest esbuild@^0.27.0 || ^0.28.0
195 silly packumentCache full:https://registry.npmjs.org/esbuild cache-miss
196 http cache https://registry.npmjs.org/esbuild 7ms (cache hit)
197 silly packumentCache full:https://registry.npmjs.org/esbuild set size:1254708 disposed:false
198 silly fetch manifest jiti@>=1.21.0
199 silly packumentCache full:https://registry.npmjs.org/jiti cache-miss
200 http cache https://registry.npmjs.org/jiti 4ms (cache hit)
201 silly packumentCache full:https://registry.npmjs.org/jiti set size:387989 disposed:false
202 silly fetch manifest less@^4.0.0
203 silly packumentCache full:https://registry.npmjs.org/less cache-miss
204 http cache https://registry.npmjs.org/less 3ms (cache hit)
205 silly packumentCache full:https://registry.npmjs.org/less set size:461684 disposed:false
206 silly fetch manifest sass@^1.70.0
207 silly packumentCache full:https://registry.npmjs.org/sass cache-miss
208 http cache https://registry.npmjs.org/sass 5ms (cache hit)
209 silly packumentCache full:https://registry.npmjs.org/sass set size:728345 disposed:false
210 silly fetch manifest sass-embedded@^1.70.0
211 silly packumentCache full:https://registry.npmjs.org/sass-embedded cache-miss
212 http cache https://registry.npmjs.org/sass-embedded 6ms (cache hit)
213 silly packumentCache full:https://registry.npmjs.org/sass-embedded set size:419718 disposed:false
214 silly fetch manifest stylus@>=0.54.8
215 silly packumentCache full:https://registry.npmjs.org/stylus cache-miss
216 http cache https://registry.npmjs.org/stylus 4ms (cache hit)
217 silly packumentCache full:https://registry.npmjs.org/stylus set size:286766 disposed:false
218 silly fetch manifest sugarss@^5.0.0
219 silly packumentCache full:https://registry.npmjs.org/sugarss cache-miss
220 http cache https://registry.npmjs.org/sugarss 2ms (cache hit)
221 silly packumentCache full:https://registry.npmjs.org/sugarss set size:44975 disposed:false
222 silly fetch manifest postcss@^8.5
223 silly packumentCache full:https://registry.npmjs.org/postcss cache-miss
224 http cache https://registry.npmjs.org/postcss 3ms (cache hit)
225 silly packumentCache full:https://registry.npmjs.org/postcss set size:723316 disposed:false
226 silly fetch manifest terser@^5.16.0
227 silly packumentCache full:https://registry.npmjs.org/terser cache-miss
228 http cache https://registry.npmjs.org/terser 3ms (cache hit)
229 silly packumentCache full:https://registry.npmjs.org/terser set size:803566 disposed:false
230 silly fetch manifest tsx@^4.8.1
231 silly packumentCache full:https://registry.npmjs.org/tsx cache-miss
232 http cache https://registry.npmjs.org/tsx 2ms (cache hit)
233 silly packumentCache full:https://registry.npmjs.org/tsx set size:302158 disposed:false
234 silly fetch manifest yaml@^2.4.2
235 silly packumentCache full:https://registry.npmjs.org/yaml cache-miss
236 http cache https://registry.npmjs.org/yaml 2ms (cache hit)
237 silly packumentCache full:https://registry.npmjs.org/yaml set size:385754 disposed:false
238 silly fetch manifest next@16.2.6
239 silly packumentCache full:https://registry.npmjs.org/next cache-miss
240 http cache https://registry.npmjs.org/next 49ms (cache hit)
241 silly packumentCache full:https://registry.npmjs.org/next set size:30539134 disposed:false
242 silly fetch manifest @playwright/test@^1.51.1
243 silly packumentCache full:https://registry.npmjs.org/@playwright%2ftest cache-miss
244 http cache https://registry.npmjs.org/@playwright%2ftest 22ms (cache hit)
245 silly packumentCache full:https://registry.npmjs.org/@playwright%2ftest set size:9162238 disposed:false
246 silly fetch manifest babel-plugin-react-compiler@*
247 silly packumentCache full:https://registry.npmjs.org/babel-plugin-react-compiler cache-miss
248 http cache https://registry.npmjs.org/babel-plugin-react-compiler 5ms (cache hit)
249 silly packumentCache full:https://registry.npmjs.org/babel-plugin-react-compiler set size:1356999 disposed:false
250 silly fetch manifest vue@^3
251 silly packumentCache full:https://registry.npmjs.org/vue cache-miss
252 http cache https://registry.npmjs.org/vue 6ms (cache hit)
253 silly packumentCache full:https://registry.npmjs.org/vue set size:2042338 disposed:false
254 silly fetch manifest vue-router@^4
255 silly packumentCache full:https://registry.npmjs.org/vue-router cache-miss
256 http cache https://registry.npmjs.org/vue-router 5ms (cache hit)
257 silly packumentCache full:https://registry.npmjs.org/vue-router set size:996123 disposed:false
258 silly fetch manifest autoprefixer@^10.4.20
259 silly packumentCache full:https://registry.npmjs.org/autoprefixer cache-miss
260 http cache https://registry.npmjs.org/autoprefixer 5ms (cache hit)
261 silly packumentCache full:https://registry.npmjs.org/autoprefixer set size:1319426 disposed:false
262 silly fetch manifest class-variance-authority@^0.7.1
263 silly packumentCache full:https://registry.npmjs.org/class-variance-authority cache-miss
264 http cache https://registry.npmjs.org/class-variance-authority 3ms (cache hit)
265 silly packumentCache full:https://registry.npmjs.org/class-variance-authority set size:96388 disposed:false
266 silly fetch manifest clsx@^2.1.1
267 silly packumentCache full:https://registry.npmjs.org/clsx cache-miss
268 http cache https://registry.npmjs.org/clsx 3ms (cache hit)
269 silly packumentCache full:https://registry.npmjs.org/clsx set size:42506 disposed:false
270 silly fetch manifest cmdk@1.1.1
271 silly packumentCache full:https://registry.npmjs.org/cmdk cache-miss
272 http cache https://registry.npmjs.org/cmdk 3ms (cache hit)
273 silly packumentCache full:https://registry.npmjs.org/cmdk set size:102891 disposed:false
274 silly fetch manifest date-fns@4.1.0
275 silly packumentCache full:https://registry.npmjs.org/date-fns cache-miss
276 http cache https://registry.npmjs.org/date-fns 9ms (cache hit)
277 silly packumentCache full:https://registry.npmjs.org/date-fns set size:3865007 disposed:false
278 silly fetch manifest embla-carousel-react@8.6.0
279 silly packumentCache full:https://registry.npmjs.org/embla-carousel-react cache-miss
280 http cache https://registry.npmjs.org/embla-carousel-react 3ms (cache hit)
281 silly packumentCache full:https://registry.npmjs.org/embla-carousel-react set size:398957 disposed:false
282 silly fetch manifest framer-motion@^12.40.0
283 silly packumentCache full:https://registry.npmjs.org/framer-motion cache-miss
284 http cache https://registry.npmjs.org/framer-motion 17ms (cache hit)
285 silly packumentCache full:https://registry.npmjs.org/framer-motion set size:10017052 disposed:false
286 silly fetch manifest @emotion/is-prop-valid@*
287 silly packumentCache full:https://registry.npmjs.org/@emotion%2fis-prop-valid cache-miss
288 http cache https://registry.npmjs.org/@emotion%2fis-prop-valid 4ms (cache hit)
289 silly packumentCache full:https://registry.npmjs.org/@emotion%2fis-prop-valid set size:96539 disposed:false
290 silly fetch manifest input-otp@1.4.2
291 silly packumentCache full:https://registry.npmjs.org/input-otp cache-miss
292 http cache https://registry.npmjs.org/input-otp 2ms (cache hit)
293 silly packumentCache full:https://registry.npmjs.org/input-otp set size:85904 disposed:false
294 silly fetch manifest lucide-react@^0.564.0
295 silly packumentCache full:https://registry.npmjs.org/lucide-react cache-miss
296 http cache https://registry.npmjs.org/lucide-react 5ms (cache hit)
297 silly packumentCache full:https://registry.npmjs.org/lucide-react set size:2269186 disposed:false
298 silly fetch manifest @opentelemetry/api@^1.1.0
299 silly packumentCache full:https://registry.npmjs.org/@opentelemetry%2fapi cache-hit
300 silly fetch manifest sass@^1.3.0
301 silly packumentCache full:https://registry.npmjs.org/sass cache-hit
302 silly fetch manifest next-themes@^0.4.6
303 silly packumentCache full:https://registry.npmjs.org/next-themes cache-miss
304 http cache https://registry.npmjs.org/next-themes 8ms (cache hit)
305 silly packumentCache full:https://registry.npmjs.org/next-themes set size:162039 disposed:false
306 silly fetch manifest react-day-picker@9.13.2
307 silly packumentCache full:https://registry.npmjs.org/react-day-picker cache-miss
308 http cache https://registry.npmjs.org/react-day-picker 4ms (cache hit)
309 silly packumentCache full:https://registry.npmjs.org/react-day-picker set size:1169083 disposed:false
310 silly fetch manifest react-resizable-panels@^2.1.7
311 silly packumentCache full:https://registry.npmjs.org/react-resizable-panels cache-miss
312 http cache https://registry.npmjs.org/react-resizable-panels 3ms (cache hit)
313 silly packumentCache full:https://registry.npmjs.org/react-resizable-panels set size:808060 disposed:false
314 silly fetch manifest recharts@2.15.0
315 silly packumentCache full:https://registry.npmjs.org/recharts cache-miss
316 http cache https://registry.npmjs.org/recharts 5ms (cache hit)
317 silly packumentCache full:https://registry.npmjs.org/recharts set size:1392638 disposed:false
318 silly fetch manifest sonner@^1.7.1
319 silly packumentCache full:https://registry.npmjs.org/sonner cache-miss
320 http cache https://registry.npmjs.org/sonner 3ms (cache hit)
321 silly packumentCache full:https://registry.npmjs.org/sonner set size:143249 disposed:false
322 silly fetch manifest tailwind-merge@^3.3.1
323 silly packumentCache full:https://registry.npmjs.org/tailwind-merge cache-miss
324 http cache https://registry.npmjs.org/tailwind-merge 5ms (cache hit)
325 silly packumentCache full:https://registry.npmjs.org/tailwind-merge set size:1621698 disposed:false
326 silly fetch manifest vaul@^1.1.2
327 silly packumentCache full:https://registry.npmjs.org/vaul cache-miss
328 http cache https://registry.npmjs.org/vaul 3ms (cache hit)
329 silly packumentCache full:https://registry.npmjs.org/vaul set size:132229 disposed:false
330 silly fetch manifest zod@^3.24.1
331 silly packumentCache full:https://registry.npmjs.org/zod cache-miss
332 http cache https://registry.npmjs.org/zod 7ms (cache hit)
333 silly packumentCache full:https://registry.npmjs.org/zod set size:3552562 disposed:false
334 silly fetch manifest @tailwindcss/postcss@^4.2.0
335 silly packumentCache full:https://registry.npmjs.org/@tailwindcss%2fpostcss cache-miss
336 http cache https://registry.npmjs.org/@tailwindcss%2fpostcss 5ms (cache hit)
337 silly packumentCache full:https://registry.npmjs.org/@tailwindcss%2fpostcss set size:2277968 disposed:false
338 silly fetch manifest tailwindcss@^4.2.0
339 silly packumentCache full:https://registry.npmjs.org/tailwindcss cache-miss
340 http cache https://registry.npmjs.org/tailwindcss 19ms (cache hit)
341 silly packumentCache full:https://registry.npmjs.org/tailwindcss set size:10576113 disposed:false
342 silly fetch manifest tw-animate-css@1.3.3
343 silly packumentCache full:https://registry.npmjs.org/tw-animate-css cache-miss
344 http cache https://registry.npmjs.org/tw-animate-css 28ms (cache hit)
345 silly packumentCache full:https://registry.npmjs.org/tw-animate-css set size:154570 disposed:false
346 silly placeDep ROOT @hookform/resolvers@3.10.0 OK for: my-project@0.1.0 want: ^3.9.1
347 silly placeDep ROOT react-hook-form@7.76.1 OK for: @hookform/resolvers@3.10.0 want: ^7.0.0
348 silly placeDep ROOT react@19.2.6 OK for: react-hook-form@7.76.1 want: ^16.8.0 || ^17 || ^18 || ^19
349 silly placeDep ROOT @radix-ui/react-accordion@1.2.12 OK for: my-project@0.1.0 want: 1.2.12
350 silly placeDep ROOT react-dom@19.2.6 OK for: @radix-ui/react-accordion@1.2.12 want: ^16.8 || ^17.0 || ^18.0 || ^19.0 || ^19.0.0-rc
351 silly placeDep ROOT @radix-ui/react-alert-dialog@1.1.15 OK for: my-project@0.1.0 want: 1.1.15
352 silly placeDep ROOT @radix-ui/react-aspect-ratio@1.1.8 OK for: my-project@0.1.0 want: 1.1.8
353 silly placeDep ROOT @radix-ui/react-avatar@1.1.11 OK for: my-project@0.1.0 want: 1.1.11
354 silly placeDep ROOT @radix-ui/react-checkbox@1.3.3 OK for: my-project@0.1.0 want: 1.3.3
355 silly placeDep ROOT @radix-ui/react-collapsible@1.1.12 OK for: my-project@0.1.0 want: 1.1.12
356 silly placeDep ROOT @radix-ui/react-context-menu@2.2.16 OK for: my-project@0.1.0 want: 2.2.16
357 silly placeDep ROOT @radix-ui/react-dialog@1.1.15 OK for: my-project@0.1.0 want: 1.1.15
358 silly placeDep ROOT @radix-ui/react-dropdown-menu@2.1.16 OK for: my-project@0.1.0 want: 2.1.16
359 silly placeDep ROOT @radix-ui/react-hover-card@1.1.15 OK for: my-project@0.1.0 want: 1.1.15
360 silly placeDep ROOT @radix-ui/react-label@2.1.8 OK for: my-project@0.1.0 want: 2.1.8
361 silly placeDep ROOT @radix-ui/react-menubar@1.1.16 OK for: my-project@0.1.0 want: 1.1.16
362 silly placeDep ROOT @radix-ui/react-navigation-menu@1.2.14 OK for: my-project@0.1.0 want: 1.2.14
363 silly placeDep ROOT @radix-ui/react-popover@1.1.15 OK for: my-project@0.1.0 want: 1.1.15
364 silly placeDep ROOT @radix-ui/react-progress@1.1.8 OK for: my-project@0.1.0 want: 1.1.8
365 silly placeDep ROOT @radix-ui/react-radio-group@1.3.8 OK for: my-project@0.1.0 want: 1.3.8
366 silly placeDep ROOT @radix-ui/react-scroll-area@1.2.10 OK for: my-project@0.1.0 want: 1.2.10
367 silly placeDep ROOT @radix-ui/react-select@2.2.6 OK for: my-project@0.1.0 want: 2.2.6
368 silly placeDep ROOT @radix-ui/react-separator@1.1.8 OK for: my-project@0.1.0 want: 1.1.8
369 silly placeDep ROOT @radix-ui/react-slider@1.3.6 OK for: my-project@0.1.0 want: 1.3.6
370 silly placeDep ROOT @radix-ui/react-slot@1.2.4 OK for: my-project@0.1.0 want: 1.2.4
371 silly placeDep ROOT @radix-ui/react-switch@1.2.6 OK for: my-project@0.1.0 want: 1.2.6
372 silly placeDep ROOT @radix-ui/react-tabs@1.1.13 OK for: my-project@0.1.0 want: 1.1.13
373 silly placeDep ROOT @radix-ui/react-toast@1.2.15 OK for: my-project@0.1.0 want: 1.2.15
374 silly placeDep ROOT @radix-ui/react-toggle@1.1.10 OK for: my-project@0.1.0 want: 1.1.10
375 silly placeDep ROOT @radix-ui/react-toggle-group@1.1.11 OK for: my-project@0.1.0 want: 1.1.11
376 silly placeDep ROOT @radix-ui/react-tooltip@1.2.8 OK for: my-project@0.1.0 want: 1.2.8
377 silly placeDep ROOT @tailwindcss/postcss@4.3.0 OK for: my-project@0.1.0 want: ^4.2.0
378 silly placeDep ROOT @types/node@22.19.19 OK for: my-project@0.1.0 want: ^22
379 silly placeDep ROOT @types/react@19.2.15 OK for: my-project@0.1.0 want: ^19
380 silly placeDep ROOT @types/react-dom@19.2.3 OK for: my-project@0.1.0 want: ^19
381 silly placeDep ROOT @vercel/analytics@1.6.1 OK for: my-project@0.1.0 want: 1.6.1
382 silly placeDep ROOT autoprefixer@10.5.0 OK for: my-project@0.1.0 want: ^10.4.20
383 silly placeDep ROOT postcss@8.5.15 OK for: autoprefixer@10.5.0 want: ^8.1.0
384 silly placeDep ROOT class-variance-authority@0.7.1 OK for: my-project@0.1.0 want: ^0.7.1
385 silly placeDep ROOT clsx@2.1.1 OK for: my-project@0.1.0 want: ^2.1.1
386 silly placeDep ROOT cmdk@1.1.1 OK for: my-project@0.1.0 want: 1.1.1
387 silly placeDep ROOT date-fns@4.1.0 OK for: my-project@0.1.0 want: 4.1.0
388 silly placeDep ROOT embla-carousel-react@8.6.0 OK for: my-project@0.1.0 want: 8.6.0
389 silly placeDep ROOT framer-motion@12.40.0 OK for: my-project@0.1.0 want: ^12.40.0
390 silly placeDep ROOT input-otp@1.4.2 OK for: my-project@0.1.0 want: 1.4.2
391 silly placeDep ROOT lucide-react@0.564.0 OK for: my-project@0.1.0 want: ^0.564.0
392 silly placeDep ROOT next@16.2.6 OK for: my-project@0.1.0 want: 16.2.6
393 silly placeDep ROOT next-themes@0.4.6 OK for: my-project@0.1.0 want: ^0.4.6
394 silly placeDep ROOT react-day-picker@9.13.2 OK for: my-project@0.1.0 want: 9.13.2
395 silly placeDep ROOT react-resizable-panels@2.1.9 OK for: my-project@0.1.0 want: ^2.1.7
396 silly placeDep ROOT recharts@2.15.0 OK for: my-project@0.1.0 want: 2.15.0
397 silly placeDep ROOT sonner@1.7.4 OK for: my-project@0.1.0 want: ^1.7.1
398 silly placeDep ROOT tailwind-merge@3.6.0 OK for: my-project@0.1.0 want: ^3.3.1
399 silly placeDep ROOT tailwindcss@4.3.0 OK for: my-project@0.1.0 want: ^4.2.0
400 silly placeDep ROOT tw-animate-css@1.3.3 OK for: my-project@0.1.0 want: 1.3.3
401 silly placeDep ROOT typescript@5.7.3 OK for: my-project@0.1.0 want: 5.7.3
402 silly placeDep ROOT vaul@1.1.2 OK for: my-project@0.1.0 want: ^1.1.2
403 silly placeDep ROOT zod@3.25.76 OK for: my-project@0.1.0 want: ^3.24.1
404 silly fetch manifest @radix-ui/react-id@1.1.1
405 silly packumentCache full:https://registry.npmjs.org/@radix-ui%2freact-id cache-miss
406 silly fetch manifest @radix-ui/primitive@1.1.3
407 silly packumentCache full:https://registry.npmjs.org/@radix-ui%2fprimitive cache-miss
408 silly fetch manifest @radix-ui/react-context@1.1.2
409 silly packumentCache full:https://registry.npmjs.org/@radix-ui%2freact-context cache-miss
410 silly fetch manifest @radix-ui/react-direction@1.1.1
411 silly packumentCache full:https://registry.npmjs.org/@radix-ui%2freact-direction cache-miss
412 silly fetch manifest @radix-ui/react-primitive@2.1.3
413 silly packumentCache full:https://registry.npmjs.org/@radix-ui%2freact-primitive cache-miss
414 silly fetch manifest @radix-ui/react-collection@1.1.7
415 silly packumentCache full:https://registry.npmjs.org/@radix-ui%2freact-collection cache-miss
416 silly fetch manifest @radix-ui/react-compose-refs@1.1.2
417 silly packumentCache full:https://registry.npmjs.org/@radix-ui%2freact-compose-refs cache-miss
418 silly fetch manifest @radix-ui/react-use-controllable-state@1.2.2
419 silly packumentCache full:https://registry.npmjs.org/@radix-ui%2freact-use-controllable-state cache-miss
420 silly fetch manifest scheduler@^0.27.0
421 silly packumentCache full:https://registry.npmjs.org/scheduler cache-miss
422 silly fetch manifest @radix-ui/primitive@1.1.3
423 silly packumentCache full:https://registry.npmjs.org/@radix-ui%2fprimitive cache-miss
424 silly fetch manifest @radix-ui/react-slot@1.2.3
425 silly packumentCache full:https://registry.npmjs.org/@radix-ui%2freact-slot cache-hit
426 silly fetch manifest @radix-ui/react-context@1.1.2
427 silly packumentCache full:https://registry.npmjs.org/@radix-ui%2freact-context cache-miss
428 silly fetch manifest @radix-ui/react-primitive@2.1.3
429 silly packumentCache full:https://registry.npmjs.org/@radix-ui%2freact-primitive cache-miss
430 silly fetch manifest @radix-ui/react-compose-refs@1.1.2
431 silly packumentCache full:https://registry.npmjs.org/@radix-ui%2freact-compose-refs cache-miss
432 silly fetch manifest @radix-ui/react-primitive@2.1.4
433 silly packumentCache full:https://registry.npmjs.org/@radix-ui%2freact-primitive cache-miss
434 silly fetch manifest @radix-ui/react-context@1.1.3
435 silly packumentCache full:https://registry.npmjs.org/@radix-ui%2freact-context cache-miss
436 silly fetch manifest @radix-ui/react-primitive@2.1.4
437 silly packumentCache full:https://registry.npmjs.org/@radix-ui%2freact-primitive cache-miss
438 silly fetch manifest @radix-ui/react-use-is-hydrated@0.1.0
439 silly packumentCache full:https://registry.npmjs.org/@radix-ui%2freact-use-is-hydrated cache-miss
440 silly fetch manifest @radix-ui/react-use-callback-ref@1.1.1
441 silly packumentCache full:https://registry.npmjs.org/@radix-ui%2freact-use-callback-ref cache-miss
442 silly fetch manifest @radix-ui/react-use-layout-effect@1.1.1
443 silly packumentCache full:https://registry.npmjs.org/@radix-ui%2freact-use-layout-effect cache-miss
444 silly fetch manifest @radix-ui/primitive@1.1.3
445 silly packumentCache full:https://registry.npmjs.org/@radix-ui%2fprimitive cache-miss
446 silly fetch manifest @radix-ui/react-context@1.1.2
447 silly packumentCache full:https://registry.npmjs.org/@radix-ui%2freact-context cache-miss
448 silly fetch manifest @radix-ui/react-presence@1.1.5
449 silly packumentCache full:https://registry.npmjs.org/@radix-ui%2freact-presence cache-miss
450 silly fetch manifest @radix-ui/react-use-size@1.1.1
451 silly packumentCache full:https://registry.npmjs.org/@radix-ui%2freact-use-size cache-miss
452 silly fetch manifest @radix-ui/react-primitive@2.1.3
453 silly packumentCache full:https://registry.npmjs.org/@radix-ui%2freact-primitive cache-miss
454 silly fetch manifest @radix-ui/react-compose-refs@1.1.2
455 silly packumentCache full:https://registry.npmjs.org/@radix-ui%2freact-compose-refs cache-miss
456 silly fetch manifest @radix-ui/react-use-previous@1.1.1
457 silly packumentCache full:https://registry.npmjs.org/@radix-ui%2freact-use-previous cache-miss
458 silly fetch manifest @radix-ui/react-use-controllable-state@1.2.2
459 silly packumentCache full:https://registry.npmjs.org/@radix-ui%2freact-use-controllable-state cache-miss
460 silly fetch manifest @radix-ui/react-id@1.1.1
461 silly packumentCache full:https://registry.npmjs.org/@radix-ui%2freact-id cache-miss
462 silly fetch manifest @radix-ui/primitive@1.1.3
463 silly packumentCache full:https://registry.npmjs.org/@radix-ui%2fprimitive cache-miss
464 silly fetch manifest @radix-ui/react-context@1.1.2
465 silly packumentCache full:https://registry.npmjs.org/@radix-ui%2freact-context cache-miss
466 silly fetch manifest @radix-ui/react-presence@1.1.5
467 silly packumentCache full:https://registry.npmjs.org/@radix-ui%2freact-presence cache-miss
468 http cache https://registry.npmjs.org/@radix-ui%2freact-primitive 31ms (cache hit)
469 silly packumentCache full:https://registry.npmjs.org/@radix-ui%2freact-primitive set size:595809 disposed:false
470 silly fetch manifest @radix-ui/react-compose-refs@1.1.2
471 silly packumentCache full:https://registry.npmjs.org/@radix-ui%2freact-compose-refs cache-miss
472 http cache https://registry.npmjs.org/@radix-ui%2fprimitive 34ms (cache hit)
473 silly packumentCache full:https://registry.npmjs.org/@radix-ui%2fprimitive set size:164617 disposed:false
474 silly fetch manifest @radix-ui/react-use-layout-effect@1.1.1
475 silly packumentCache full:https://registry.npmjs.org/@radix-ui%2freact-use-layout-effect cache-miss
476 http cache https://registry.npmjs.org/@radix-ui%2fprimitive 35ms (cache hit)
477 silly packumentCache full:https://registry.npmjs.org/@radix-ui%2fprimitive set size:164617 disposed:false
478 silly packumentCache full:https://registry.npmjs.org/@radix-ui%2fprimitive dispose
479 silly fetch manifest @radix-ui/react-use-controllable-state@1.2.2
480 silly packumentCache full:https://registry.npmjs.org/@radix-ui%2freact-use-controllable-state cache-miss
481 http cache https://registry.npmjs.org/@radix-ui%2freact-collection 38ms (cache hit)
482 silly packumentCache full:https://registry.npmjs.org/@radix-ui%2freact-collection set size:630833 disposed:false
483 silly fetch manifest @radix-ui/react-menu@2.1.16
484 silly packumentCache full:https://registry.npmjs.org/@radix-ui%2freact-menu cache-miss
485 http cache https://registry.npmjs.org/@radix-ui%2freact-id 40ms (cache hit)
486 silly packumentCache full:https://registry.npmjs.org/@radix-ui%2freact-id set size:325405 disposed:false
487 silly fetch manifest @radix-ui/react-context@1.1.2
488 silly packumentCache full:https://registry.npmjs.org/@radix-ui%2freact-context cache-miss
489 http cache https://registry.npmjs.org/@radix-ui%2freact-compose-refs 42ms (cache hit)
490 silly packumentCache full:https://registry.npmjs.org/@radix-ui%2freact-compose-refs set size:219425 disposed:false
491 silly fetch manifest @radix-ui/react-use-callback-ref@1.1.1
492 silly packumentCache full:https://registry.npmjs.org/@radix-ui%2freact-use-callback-ref cache-miss
493 http cache https://registry.npmjs.org/@radix-ui%2freact-direction 44ms (cache hit)
494 silly packumentCache full:https://registry.npmjs.org/@radix-ui%2freact-direction set size:202714 disposed:false
495 silly fetch manifest @radix-ui/react-use-controllable-state@1.2.2
496 silly packumentCache full:https://registry.npmjs.org/@radix-ui%2freact-use-controllable-state cache-miss
497 http cache https://registry.npmjs.org/@radix-ui%2freact-primitive 45ms (cache hit)
498 silly packumentCache full:https://registry.npmjs.org/@radix-ui%2freact-primitive set size:595809 disposed:false
499 silly packumentCache full:https://registry.npmjs.org/@radix-ui%2freact-primitive dispose
500 silly fetch manifest aria-hidden@^1.2.4
501 silly packumentCache full:https://registry.npmjs.org/aria-hidden cache-miss
502 http cache https://registry.npmjs.org/@radix-ui%2freact-context 49ms (cache hit)
503 silly packumentCache full:https://registry.npmjs.org/@radix-ui%2freact-context set size:266557 disposed:false
504 silly fetch manifest react-remove-scroll@^2.6.3
505 silly packumentCache full:https://registry.npmjs.org/react-remove-scroll cache-miss
506 http cache https://registry.npmjs.org/@radix-ui%2freact-compose-refs 51ms (cache hit)
507 silly packumentCache full:https://registry.npmjs.org/@radix-ui%2freact-compose-refs set size:219425 disposed:false
508 silly packumentCache full:https://registry.npmjs.org/@radix-ui%2freact-compose-refs dispose
509 silly fetch manifest @radix-ui/react-portal@1.1.9
510 silly packumentCache full:https://registry.npmjs.org/@radix-ui%2freact-portal cache-miss
511 http cache https://registry.npmjs.org/@radix-ui%2freact-context 52ms (cache hit)
512 silly packumentCache full:https://registry.npmjs.org/@radix-ui%2freact-context set size:266557 disposed:false
513 silly packumentCache full:https://registry.npmjs.org/@radix-ui%2freact-context dispose
514 silly fetch manifest @radix-ui/react-presence@1.1.5
515 silly packumentCache full:https://registry.npmjs.org/@radix-ui%2freact-presence cache-miss
516 http cache https://registry.npmjs.org/@radix-ui%2freact-use-controllable-state 54ms (cache hit)
517 silly packumentCache full:https://registry.npmjs.org/@radix-ui%2freact-use-controllable-state set size:296080 disposed:false
518 silly fetch manifest @radix-ui/react-focus-scope@1.1.7
519 silly packumentCache full:https://registry.npmjs.org/@radix-ui%2freact-focus-scope cache-miss
520 http cache https://registry.npmjs.org/@radix-ui%2freact-context 56ms (cache hit)
521 silly packumentCache full:https://registry.npmjs.org/@radix-ui%2freact-context set size:266557 disposed:true
522 silly packumentCache full:https://registry.npmjs.org/@radix-ui%2freact-context dispose
523 silly fetch manifest @radix-ui/react-focus-guards@1.1.3
524 silly packumentCache full:https://registry.npmjs.org/@radix-ui%2freact-focus-guards cache-miss
525 http cache https://registry.npmjs.org/@radix-ui%2freact-use-is-hydrated 57ms (cache hit)
526 silly packumentCache full:https://registry.npmjs.org/@radix-ui%2freact-use-is-hydrated set size:9125 disposed:false
527 silly fetch manifest @radix-ui/react-dismissable-layer@1.1.11
528 silly packumentCache full:https://registry.npmjs.org/@radix-ui%2freact-dismissable-layer cache-miss
529 http cache https://registry.npmjs.org/@radix-ui%2freact-primitive 59ms (cache hit)
530 silly packumentCache full:https://registry.npmjs.org/@radix-ui%2freact-primitive set size:595809 disposed:true
531 silly packumentCache full:https://registry.npmjs.org/@radix-ui%2freact-primitive dispose
532 silly fetch manifest @radix-ui/react-menu@2.1.16
533 silly packumentCache full:https://registry.npmjs.org/@radix-ui%2freact-menu cache-miss
534 http cache https://registry.npmjs.org/@radix-ui%2fprimitive 60ms (cache hit)
535 silly packumentCache full:https://registry.npmjs.org/@radix-ui%2fprimitive set size:164617 disposed:true
536 silly packumentCache full:https://registry.npmjs.org/@radix-ui%2fprimitive dispose
537 silly fetch manifest @radix-ui/react-popper@1.2.8
538 silly packumentCache full:https://registry.npmjs.org/@radix-ui%2freact-popper cache-miss
539 http cache https://registry.npmjs.org/@radix-ui%2freact-context 61ms (cache hit)
540 silly packumentCache full:https://registry.npmjs.org/@radix-ui%2freact-context set size:266557 disposed:true
541 silly packumentCache full:https://registry.npmjs.org/@radix-ui%2freact-context dispose
542 silly fetch manifest @radix-ui/react-portal@1.1.9
543 silly packumentCache full:https://registry.npmjs.org/@radix-ui%2freact-portal cache-miss
544 http cache https://registry.npmjs.org/@radix-ui%2freact-use-layout-effect 63ms (cache hit)
545 silly packumentCache full:https://registry.npmjs.org/@radix-ui%2freact-use-layout-effect set size:213388 disposed:false
546 silly fetch manifest @radix-ui/react-presence@1.1.5
547 silly packumentCache full:https://registry.npmjs.org/@radix-ui%2freact-presence cache-miss
548 http cache https://registry.npmjs.org/@radix-ui%2freact-presence 65ms (cache hit)
549 silly packumentCache full:https://registry.npmjs.org/@radix-ui%2freact-presence set size:443830 disposed:false
550 silly fetch manifest @radix-ui/react-dismissable-layer@1.1.11
551 silly packumentCache full:https://registry.npmjs.org/@radix-ui%2freact-dismissable-layer cache-miss
552 http cache https://registry.npmjs.org/@radix-ui%2freact-use-callback-ref 67ms (cache hit)
553 silly packumentCache full:https://registry.npmjs.org/@radix-ui%2freact-use-callback-ref set size:212985 disposed:false
554 silly fetch manifest @radix-ui/react-menu@2.1.16
555 silly packumentCache full:https://registry.npmjs.org/@radix-ui%2freact-menu cache-miss
556 http cache https://registry.npmjs.org/@radix-ui%2freact-primitive 68ms (cache hit)
557 silly packumentCache full:https://registry.npmjs.org/@radix-ui%2freact-primitive set size:595809 disposed:true
558 silly packumentCache full:https://registry.npmjs.org/@radix-ui%2freact-primitive dispose
559 silly fetch manifest @radix-ui/react-roving-focus@1.1.11
560 silly packumentCache full:https://registry.npmjs.org/@radix-ui%2freact-roving-focus cache-miss
561 http cache https://registry.npmjs.org/@radix-ui%2freact-primitive 73ms (cache hit)
562 silly packumentCache full:https://registry.npmjs.org/@radix-ui%2freact-primitive set size:595809 disposed:true
563 silly packumentCache full:https://registry.npmjs.org/@radix-ui%2freact-primitive dispose
564 silly fetch manifest @radix-ui/react-use-previous@1.1.1
565 silly packumentCache full:https://registry.npmjs.org/@radix-ui%2freact-use-previous cache-miss
566 http cache https://registry.npmjs.org/@radix-ui%2freact-use-size 75ms (cache hit)
567 silly packumentCache full:https://registry.npmjs.org/@radix-ui%2freact-use-size set size:272110 disposed:false
568 silly fetch manifest @radix-ui/react-visually-hidden@1.2.3
569 silly packumentCache full:https://registry.npmjs.org/@radix-ui%2freact-visually-hidden cache-miss
570 http cache https://registry.npmjs.org/scheduler 83ms (cache hit)
571 silly packumentCache full:https://registry.npmjs.org/scheduler set size:5516366 disposed:false
572 silly fetch manifest @radix-ui/react-dismissable-layer@1.1.11
573 silly packumentCache full:https://registry.npmjs.org/@radix-ui%2freact-dismissable-layer cache-miss
574 http cache https://registry.npmjs.org/@radix-ui%2freact-use-controllable-state 97ms (cache hit)
575 silly packumentCache full:https://registry.npmjs.org/@radix-ui%2freact-use-controllable-state set size:296080 disposed:false
576 silly packumentCache full:https://registry.npmjs.org/@radix-ui%2freact-use-controllable-state dispose
577 silly fetch manifest aria-hidden@^1.2.4
578 silly packumentCache full:https://registry.npmjs.org/aria-hidden cache-miss
579 http cache https://registry.npmjs.org/@radix-ui%2freact-id 99ms (cache hit)
580 silly packumentCache full:https://registry.npmjs.org/@radix-ui%2freact-id set size:325405 disposed:false
581 silly packumentCache full:https://registry.npmjs.org/@radix-ui%2freact-id dispose
582 silly fetch manifest react-remove-scroll@^2.6.3
583 silly packumentCache full:https://registry.npmjs.org/react-remove-scroll cache-miss
584 http cache https://registry.npmjs.org/@radix-ui%2freact-use-previous 101ms (cache hit)
585 silly packumentCache full:https://registry.npmjs.org/@radix-ui%2freact-use-previous set size:285605 disposed:false
586 silly fetch manifest @radix-ui/react-popper@1.2.8
587 silly packumentCache full:https://registry.npmjs.org/@radix-ui%2freact-popper cache-miss
588 http cache https://registry.npmjs.org/@radix-ui%2fprimitive 102ms (cache hit)
589 silly packumentCache full:https://registry.npmjs.org/@radix-ui%2fprimitive set size:164617 disposed:true
590 silly packumentCache full:https://registry.npmjs.org/@radix-ui%2fprimitive dispose
591 silly fetch manifest @radix-ui/react-portal@1.1.9
592 silly packumentCache full:https://registry.npmjs.org/@radix-ui%2freact-portal cache-miss
593 http cache https://registry.npmjs.org/@radix-ui%2freact-context 104ms (cache hit)
594 silly packumentCache full:https://registry.npmjs.org/@radix-ui%2freact-context set size:266557 disposed:true
595 silly packumentCache full:https://registry.npmjs.org/@radix-ui%2freact-context dispose
596 silly fetch manifest @radix-ui/react-focus-scope@1.1.7
597 silly packumentCache full:https://registry.npmjs.org/@radix-ui%2freact-focus-scope cache-miss
598 http cache https://registry.npmjs.org/@radix-ui%2freact-compose-refs 106ms (cache hit)
599 silly packumentCache full:https://registry.npmjs.org/@radix-ui%2freact-compose-refs set size:219425 disposed:true
600 silly packumentCache full:https://registry.npmjs.org/@radix-ui%2freact-compose-refs dispose
601 silly fetch manifest @radix-ui/react-focus-guards@1.1.3
602 silly packumentCache full:https://registry.npmjs.org/@radix-ui%2freact-focus-guards cache-miss
603 http cache https://registry.npmjs.org/@radix-ui%2freact-presence 106ms (cache hit)
604 silly packumentCache full:https://registry.npmjs.org/@radix-ui%2freact-presence set size:443830 disposed:false
605 silly packumentCache full:https://registry.npmjs.org/@radix-ui%2freact-presence dispose
606 silly fetch manifest @radix-ui/react-dismissable-layer@1.1.11
607 silly packumentCache full:https://registry.npmjs.org/@radix-ui%2freact-dismissable-layer cache-miss
608 http cache https://registry.npmjs.org/@radix-ui%2freact-use-layout-effect 109ms (cache hit)
609 silly packumentCache full:https://registry.npmjs.org/@radix-ui%2freact-use-layout-effect set size:213388 disposed:false
610 silly packumentCache full:https://registry.npmjs.org/@radix-ui%2freact-use-layout-effect dispose
611 silly fetch manifest @radix-ui/react-roving-focus@1.1.11
612 silly packumentCache full:https://registry.npmjs.org/@radix-ui%2freact-roving-focus cache-miss
613 http cache https://registry.npmjs.org/@radix-ui%2freact-use-callback-ref 102ms (cache hit)
614 silly packumentCache full:https://registry.npmjs.org/@radix-ui%2freact-use-callback-ref set size:212985 disposed:false
615 silly packumentCache full:https://registry.npmjs.org/@radix-ui%2freact-use-callback-ref dispose
616 silly fetch manifest @radix-ui/number@1.1.1
617 silly packumentCache full:https://registry.npmjs.org/@radix-ui%2fnumber cache-miss
618 http cache https://registry.npmjs.org/@radix-ui%2freact-context 106ms (cache hit)
619 silly packumentCache full:https://registry.npmjs.org/@radix-ui%2freact-context set size:266557 disposed:true
620 silly packumentCache full:https://registry.npmjs.org/@radix-ui%2freact-context dispose
621 silly fetch manifest aria-hidden@^1.2.4
622 silly packumentCache full:https://registry.npmjs.org/aria-hidden cache-miss
623 http cache https://registry.npmjs.org/aria-hidden 100ms (cache hit)
624 silly packumentCache full:https://registry.npmjs.org/aria-hidden set size:40391 disposed:false
625 silly fetch manifest @radix-ui/number@1.1.1
626 silly packumentCache full:https://registry.npmjs.org/@radix-ui%2fnumber cache-miss
627 http cache https://registry.npmjs.org/@radix-ui%2freact-use-controllable-state 113ms (cache hit)
628 silly packumentCache full:https://registry.npmjs.org/@radix-ui%2freact-use-controllable-state set size:296080 disposed:true
629 silly packumentCache full:https://registry.npmjs.org/@radix-ui%2freact-use-controllable-state dispose
630 silly fetch manifest react-remove-scroll@^2.6.3
631 silly packumentCache full:https://registry.npmjs.org/react-remove-scroll cache-miss
632 http cache https://registry.npmjs.org/@radix-ui%2freact-use-controllable-state 106ms (cache hit)
633 silly packumentCache full:https://registry.npmjs.org/@radix-ui%2freact-use-controllable-state set size:296080 disposed:true
634 silly packumentCache full:https://registry.npmjs.org/@radix-ui%2freact-use-controllable-state dispose
635 silly fetch manifest @radix-ui/react-popper@1.2.8
636 silly packumentCache full:https://registry.npmjs.org/@radix-ui%2freact-popper cache-miss
637 http cache https://registry.npmjs.org/@radix-ui%2freact-portal 101ms (cache hit)
638 silly packumentCache full:https://registry.npmjs.org/@radix-ui%2freact-portal set size:667939 disposed:false
639 silly fetch manifest @radix-ui/react-focus-scope@1.1.7
640 silly packumentCache full:https://registry.npmjs.org/@radix-ui%2freact-focus-scope cache-miss
641 http cache https://registry.npmjs.org/@radix-ui%2freact-focus-guards 98ms (cache hit)
642 silly packumentCache full:https://registry.npmjs.org/@radix-ui%2freact-focus-guards set size:284533 disposed:false
643 silly fetch manifest @radix-ui/react-visually-hidden@1.2.3
644 silly packumentCache full:https://registry.npmjs.org/@radix-ui%2freact-visually-hidden cache-miss
645 http cache https://registry.npmjs.org/@radix-ui%2freact-compose-refs 124ms (cache hit)
646 silly packumentCache full:https://registry.npmjs.org/@radix-ui%2freact-compose-refs set size:219425 disposed:true
647 silly packumentCache full:https://registry.npmjs.org/@radix-ui%2freact-compose-refs dispose
648 silly fetch manifest @radix-ui/react-dismissable-layer@1.1.11
649 silly packumentCache full:https://registry.npmjs.org/@radix-ui%2freact-dismissable-layer cache-miss
650 http cache https://registry.npmjs.org/react-remove-scroll 108ms (cache hit)
651 silly packumentCache full:https://registry.npmjs.org/react-remove-scroll set size:147112 disposed:false
652 silly fetch manifest @radix-ui/number@1.1.1
653 silly packumentCache full:https://registry.npmjs.org/@radix-ui%2fnumber cache-miss
654 http cache https://registry.npmjs.org/@radix-ui%2freact-menu 122ms (cache hit)
655 silly packumentCache full:https://registry.npmjs.org/@radix-ui%2freact-menu set size:1168171 disposed:false
656 silly fetch manifest @radix-ui/react-roving-focus@1.1.11
657 silly packumentCache full:https://registry.npmjs.org/@radix-ui%2freact-roving-focus cache-miss
658 http cache https://registry.npmjs.org/@radix-ui%2freact-focus-scope 110ms (cache hit)
659 silly packumentCache full:https://registry.npmjs.org/@radix-ui%2freact-focus-scope set size:643933 disposed:false
660 silly fetch manifest @radix-ui/react-visually-hidden@1.2.3
661 silly packumentCache full:https://registry.npmjs.org/@radix-ui%2freact-visually-hidden cache-miss
662 http cache https://registry.npmjs.org/@radix-ui%2freact-presence 117ms (cache hit)
663 silly packumentCache full:https://registry.npmjs.org/@radix-ui%2freact-presence set size:443830 disposed:true
664 silly packumentCache full:https://registry.npmjs.org/@radix-ui%2freact-presence dispose
665 silly fetch manifest @radix-ui/react-dismissable-layer@1.1.11
666 silly packumentCache full:https://registry.npmjs.org/@radix-ui%2freact-dismissable-layer cache-miss
667 http cache https://registry.npmjs.org/@radix-ui%2freact-popper 110ms (cache hit)
668 silly packumentCache full:https://registry.npmjs.org/@radix-ui%2freact-popper set size:766112 disposed:false
669 silly fetch manifest @radix-ui/react-roving-focus@1.1.11
670 silly packumentCache full:https://registry.npmjs.org/@radix-ui%2freact-roving-focus cache-miss
671 http cache https://registry.npmjs.org/@radix-ui%2freact-portal 113ms (cache hit)
672 silly packumentCache full:https://registry.npmjs.org/@radix-ui%2freact-portal set size:667939 disposed:false
673 silly packumentCache full:https://registry.npmjs.org/@radix-ui%2freact-portal dispose
674 silly fetch manifest @radix-ui/react-visually-hidden@1.2.3
675 silly packumentCache full:https://registry.npmjs.org/@radix-ui%2freact-visually-hidden cache-miss
676 http cache https://registry.npmjs.org/@radix-ui%2freact-menu 119ms (cache hit)
677 silly packumentCache full:https://registry.npmjs.org/@radix-ui%2freact-menu set size:1168171 disposed:false
678 silly fetch manifest @radix-ui/react-dismissable-layer@1.1.11
679 silly packumentCache full:https://registry.npmjs.org/@radix-ui%2freact-dismissable-layer cache-miss
680 http cache https://registry.npmjs.org/@radix-ui%2freact-roving-focus 113ms (cache hit)
681 silly packumentCache full:https://registry.npmjs.org/@radix-ui%2freact-roving-focus set size:830379 disposed:false
682 silly fetch manifest postcss@^8.5.10
683 silly packumentCache full:https://registry.npmjs.org/postcss cache-hit
684 silly fetch manifest tailwindcss@4.3.0
685 silly packumentCache full:https://registry.npmjs.org/tailwindcss cache-miss
686 http cache https://registry.npmjs.org/@radix-ui%2freact-dismissable-layer 123ms (cache hit)
687 silly packumentCache full:https://registry.npmjs.org/@radix-ui%2freact-dismissable-layer set size:803119 disposed:false
688 silly fetch manifest @alloc/quick-lru@^5.2.0
689 silly packumentCache full:https://registry.npmjs.org/@alloc%2fquick-lru cache-miss
690 http cache https://registry.npmjs.org/@radix-ui%2freact-presence 129ms (cache hit)
691 silly packumentCache full:https://registry.npmjs.org/@radix-ui%2freact-presence set size:443830 disposed:true
692 silly packumentCache full:https://registry.npmjs.org/@radix-ui%2freact-presence dispose
693 silly fetch manifest @tailwindcss/node@4.3.0
694 silly packumentCache full:https://registry.npmjs.org/@tailwindcss%2fnode cache-miss
695 http cache https://registry.npmjs.org/@radix-ui%2freact-dismissable-layer 139ms (cache hit)
696 silly packumentCache full:https://registry.npmjs.org/@radix-ui%2freact-dismissable-layer set size:803119 disposed:false
697 silly packumentCache full:https://registry.npmjs.org/@radix-ui%2freact-dismissable-layer dispose
698 silly fetch manifest @tailwindcss/oxide@4.3.0
699 silly packumentCache full:https://registry.npmjs.org/@tailwindcss%2foxide cache-miss
700 http cache https://registry.npmjs.org/@radix-ui%2freact-use-previous 125ms (cache hit)
701 silly packumentCache full:https://registry.npmjs.org/@radix-ui%2freact-use-previous set size:285605 disposed:false
702 silly packumentCache full:https://registry.npmjs.org/@radix-ui%2freact-use-previous dispose
703 silly fetch manifest undici-types@~6.21.0
704 silly packumentCache full:https://registry.npmjs.org/undici-types cache-miss
705 http cache https://registry.npmjs.org/@radix-ui%2freact-menu 133ms (cache hit)
706 silly packumentCache full:https://registry.npmjs.org/@radix-ui%2freact-menu set size:1168171 disposed:false
707 silly fetch manifest csstype@^3.2.2
708 silly packumentCache full:https://registry.npmjs.org/csstype cache-miss
709 http cache https://registry.npmjs.org/@radix-ui%2freact-dismissable-layer 108ms (cache hit)
710 silly packumentCache full:https://registry.npmjs.org/@radix-ui%2freact-dismissable-layer set size:803119 disposed:true
711 silly packumentCache full:https://registry.npmjs.org/@radix-ui%2freact-dismissable-layer dispose
712 silly fetch manifest browserslist@^4.28.2
713 silly packumentCache full:https://registry.npmjs.org/browserslist cache-miss
714 http cache https://registry.npmjs.org/aria-hidden 108ms (cache hit)
715 silly packumentCache full:https://registry.npmjs.org/aria-hidden set size:40391 disposed:false
716 silly packumentCache full:https://registry.npmjs.org/aria-hidden dispose
717 silly fetch manifest caniuse-lite@^1.0.30001787
718 silly packumentCache full:https://registry.npmjs.org/caniuse-lite cache-miss
719 http cache https://registry.npmjs.org/@radix-ui%2freact-visually-hidden 134ms (cache hit)
720 silly packumentCache full:https://registry.npmjs.org/@radix-ui%2freact-visually-hidden set size:593995 disposed:false
721 silly fetch manifest fraction.js@^5.3.4
722 silly packumentCache full:https://registry.npmjs.org/fraction.js cache-miss
723 http cache https://registry.npmjs.org/react-remove-scroll 111ms (cache hit)
724 silly packumentCache full:https://registry.npmjs.org/react-remove-scroll set size:147112 disposed:false
725 silly packumentCache full:https://registry.npmjs.org/react-remove-scroll dispose
726 silly fetch manifest picocolors@^1.1.1
727 silly packumentCache full:https://registry.npmjs.org/picocolors cache-miss
728 http cache https://registry.npmjs.org/@radix-ui%2freact-popper 111ms (cache hit)
729 silly packumentCache full:https://registry.npmjs.org/@radix-ui%2freact-popper set size:766112 disposed:false
730 silly packumentCache full:https://registry.npmjs.org/@radix-ui%2freact-popper dispose
731 silly fetch manifest postcss-value-parser@^4.2.0
732 silly packumentCache full:https://registry.npmjs.org/postcss-value-parser cache-miss
733 http cache https://registry.npmjs.org/@radix-ui%2freact-portal 114ms (cache hit)
734 silly packumentCache full:https://registry.npmjs.org/@radix-ui%2freact-portal set size:667939 disposed:true
735 silly packumentCache full:https://registry.npmjs.org/@radix-ui%2freact-portal dispose
736 silly fetch manifest nanoid@^3.3.12
737 silly packumentCache full:https://registry.npmjs.org/nanoid cache-miss
738 http cache https://registry.npmjs.org/@radix-ui%2freact-focus-scope 115ms (cache hit)
739 silly packumentCache full:https://registry.npmjs.org/@radix-ui%2freact-focus-scope set size:643933 disposed:false
740 silly packumentCache full:https://registry.npmjs.org/@radix-ui%2freact-focus-scope dispose
741 silly fetch manifest picocolors@^1.1.1
742 silly packumentCache full:https://registry.npmjs.org/picocolors cache-miss
743 http cache https://registry.npmjs.org/@radix-ui%2freact-focus-guards 117ms (cache hit)
744 silly packumentCache full:https://registry.npmjs.org/@radix-ui%2freact-focus-guards set size:284533 disposed:false
745 silly packumentCache full:https://registry.npmjs.org/@radix-ui%2freact-focus-guards dispose
746 silly fetch manifest source-map-js@^1.2.1
747 silly packumentCache full:https://registry.npmjs.org/source-map-js cache-miss
748 http cache https://registry.npmjs.org/@radix-ui%2freact-dismissable-layer 118ms (cache hit)
749 silly packumentCache full:https://registry.npmjs.org/@radix-ui%2freact-dismissable-layer set size:803119 disposed:true
750 silly packumentCache full:https://registry.npmjs.org/@radix-ui%2freact-dismissable-layer dispose
751 silly fetch manifest @radix-ui/react-id@^1.1.0
752 silly packumentCache full:https://registry.npmjs.org/@radix-ui%2freact-id cache-hit
753 silly fetch manifest @radix-ui/react-primitive@^2.0.2
754 silly packumentCache full:https://registry.npmjs.org/@radix-ui%2freact-primitive cache-hit
755 silly fetch manifest @radix-ui/react-compose-refs@^1.1.1
756 silly packumentCache full:https://registry.npmjs.org/@radix-ui%2freact-compose-refs cache-hit
757 silly fetch manifest embla-carousel@8.6.0
758 silly packumentCache full:https://registry.npmjs.org/embla-carousel cache-miss
759 http cache https://registry.npmjs.org/@radix-ui%2fnumber 120ms (cache hit)
760 silly packumentCache full:https://registry.npmjs.org/@radix-ui%2fnumber set size:96484 disposed:false
761 silly fetch manifest embla-carousel-reactive-utils@8.6.0
762 silly packumentCache full:https://registry.npmjs.org/embla-carousel-reactive-utils cache-miss
763 http cache https://registry.npmjs.org/aria-hidden 119ms (cache hit)
764 silly packumentCache full:https://registry.npmjs.org/aria-hidden set size:40391 disposed:true
765 silly packumentCache full:https://registry.npmjs.org/aria-hidden dispose
766 silly fetch manifest motion-dom@^12.40.0
767 silly packumentCache full:https://registry.npmjs.org/motion-dom cache-miss
768 http cache https://registry.npmjs.org/@radix-ui%2fnumber 119ms (cache hit)
769 silly packumentCache full:https://registry.npmjs.org/@radix-ui%2fnumber set size:96484 disposed:false
770 silly packumentCache full:https://registry.npmjs.org/@radix-ui%2fnumber dispose
771 silly fetch manifest motion-utils@^12.39.0
772 silly packumentCache full:https://registry.npmjs.org/motion-utils cache-miss
773 http cache https://registry.npmjs.org/@radix-ui%2freact-popper 117ms (cache hit)
774 silly packumentCache full:https://registry.npmjs.org/@radix-ui%2freact-popper set size:766112 disposed:true
775 silly packumentCache full:https://registry.npmjs.org/@radix-ui%2freact-popper dispose
776 silly fetch manifest tslib@^2.4.0
777 silly packumentCache full:https://registry.npmjs.org/tslib cache-miss
778 http cache https://registry.npmjs.org/react-remove-scroll 122ms (cache hit)
779 silly packumentCache full:https://registry.npmjs.org/react-remove-scroll set size:147112 disposed:true
780 silly packumentCache full:https://registry.npmjs.org/react-remove-scroll dispose
781 silly fetch manifest postcss@8.4.31
782 silly packumentCache full:https://registry.npmjs.org/postcss cache-hit
783 silly fetch manifest @next/env@16.2.6
784 silly packumentCache full:https://registry.npmjs.org/@next%2fenv cache-miss
785 http cache https://registry.npmjs.org/@radix-ui%2freact-dismissable-layer 117ms (cache hit)
786 silly packumentCache full:https://registry.npmjs.org/@radix-ui%2freact-dismissable-layer set size:803119 disposed:true
787 silly packumentCache full:https://registry.npmjs.org/@radix-ui%2freact-dismissable-layer dispose
788 silly fetch manifest styled-jsx@5.1.6
789 silly packumentCache full:https://registry.npmjs.org/styled-jsx cache-miss
790 http cache https://registry.npmjs.org/@radix-ui%2fnumber 118ms (cache hit)
791 silly packumentCache full:https://registry.npmjs.org/@radix-ui%2fnumber set size:96484 disposed:true
792 silly packumentCache full:https://registry.npmjs.org/@radix-ui%2fnumber dispose
793 silly fetch manifest @swc/helpers@0.5.15
794 silly packumentCache full:https://registry.npmjs.org/@swc%2fhelpers cache-miss
795 http cache https://registry.npmjs.org/@radix-ui%2freact-roving-focus 135ms (cache hit)
796 silly packumentCache full:https://registry.npmjs.org/@radix-ui%2freact-roving-focus set size:830379 disposed:false
797 silly packumentCache full:https://registry.npmjs.org/@radix-ui%2freact-roving-focus dispose
798 silly fetch manifest caniuse-lite@^1.0.30001579
799 silly packumentCache full:https://registry.npmjs.org/caniuse-lite cache-miss
800 http cache https://registry.npmjs.org/@radix-ui%2freact-focus-scope 129ms (cache hit)
801 silly packumentCache full:https://registry.npmjs.org/@radix-ui%2freact-focus-scope set size:643933 disposed:true
802 silly packumentCache full:https://registry.npmjs.org/@radix-ui%2freact-focus-scope dispose
803 silly fetch manifest baseline-browser-mapping@^2.9.19
804 silly packumentCache full:https://registry.npmjs.org/baseline-browser-mapping cache-miss
805 http cache https://registry.npmjs.org/@radix-ui%2freact-visually-hidden 119ms (cache hit)
806 silly packumentCache full:https://registry.npmjs.org/@radix-ui%2freact-visually-hidden set size:593995 disposed:false
807 silly packumentCache full:https://registry.npmjs.org/@radix-ui%2freact-visually-hidden dispose
808 silly fetch manifest sharp@^0.34.5
809 silly packumentCache full:https://registry.npmjs.org/sharp cache-miss
810 http cache https://registry.npmjs.org/@radix-ui%2freact-roving-focus 117ms (cache hit)
811 silly packumentCache full:https://registry.npmjs.org/@radix-ui%2freact-roving-focus set size:830379 disposed:true
812 silly packumentCache full:https://registry.npmjs.org/@radix-ui%2freact-roving-focus dispose
813 silly fetch manifest @next/swc-darwin-x64@16.2.6
814 silly packumentCache full:https://registry.npmjs.org/@next%2fswc-darwin-x64 cache-miss
815 http cache https://registry.npmjs.org/@radix-ui%2freact-visually-hidden 118ms (cache hit)
816 silly packumentCache full:https://registry.npmjs.org/@radix-ui%2freact-visually-hidden set size:593995 disposed:true
817 silly packumentCache full:https://registry.npmjs.org/@radix-ui%2freact-visually-hidden dispose
818 silly fetch manifest @next/swc-darwin-arm64@16.2.6
819 silly packumentCache full:https://registry.npmjs.org/@next%2fswc-darwin-arm64 cache-miss
820 http cache https://registry.npmjs.org/@radix-ui%2freact-dismissable-layer 117ms (cache hit)
821 silly packumentCache full:https://registry.npmjs.org/@radix-ui%2freact-dismissable-layer set size:803119 disposed:true
822 silly packumentCache full:https://registry.npmjs.org/@radix-ui%2freact-dismissable-layer dispose
823 silly fetch manifest @next/swc-linux-x64-gnu@16.2.6
824 silly packumentCache full:https://registry.npmjs.org/@next%2fswc-linux-x64-gnu cache-miss
825 http cache https://registry.npmjs.org/@radix-ui%2freact-visually-hidden 152ms (cache hit)
826 silly packumentCache full:https://registry.npmjs.org/@radix-ui%2freact-visually-hidden set size:593995 disposed:true
827 silly packumentCache full:https://registry.npmjs.org/@radix-ui%2freact-visually-hidden dispose
828 silly fetch manifest @next/swc-linux-x64-musl@16.2.6
829 silly packumentCache full:https://registry.npmjs.org/@next%2fswc-linux-x64-musl cache-miss
830 http cache https://registry.npmjs.org/@radix-ui%2freact-roving-focus 164ms (cache hit)
831 silly packumentCache full:https://registry.npmjs.org/@radix-ui%2freact-roving-focus set size:830379 disposed:true
832 silly packumentCache full:https://registry.npmjs.org/@radix-ui%2freact-roving-focus dispose
833 silly fetch manifest @next/swc-win32-x64-msvc@16.2.6
834 silly packumentCache full:https://registry.npmjs.org/@next%2fswc-win32-x64-msvc cache-miss
835 http cache https://registry.npmjs.org/tailwindcss 156ms (cache hit)
836 silly packumentCache full:https://registry.npmjs.org/tailwindcss set size:10576113 disposed:false
837 silly fetch manifest @next/swc-linux-arm64-gnu@16.2.6
838 silly packumentCache full:https://registry.npmjs.org/@next%2fswc-linux-arm64-gnu cache-miss
839 http cache https://registry.npmjs.org/@alloc%2fquick-lru 182ms (cache hit)
840 silly packumentCache full:https://registry.npmjs.org/@alloc%2fquick-lru set size:7269 disposed:false
841 silly fetch manifest @next/swc-linux-arm64-musl@16.2.6
842 silly packumentCache full:https://registry.npmjs.org/@next%2fswc-linux-arm64-musl cache-miss
843 http cache https://registry.npmjs.org/csstype 171ms (cache hit)
844 silly packumentCache full:https://registry.npmjs.org/csstype set size:274189 disposed:false
845 silly fetch manifest @next/swc-win32-arm64-msvc@16.2.6
846 silly packumentCache full:https://registry.npmjs.org/@next%2fswc-win32-arm64-msvc cache-miss
847 http cache https://registry.npmjs.org/browserslist 169ms (cache hit)
848 silly packumentCache full:https://registry.npmjs.org/browserslist set size:504681 disposed:false
849 silly fetch manifest @date-fns/tz@^1.4.1
850 silly packumentCache full:https://registry.npmjs.org/@date-fns%2ftz cache-miss
851 http cache https://registry.npmjs.org/caniuse-lite 173ms (cache hit)
852 silly packumentCache full:https://registry.npmjs.org/caniuse-lite set size:2293068 disposed:false
853 silly fetch manifest date-fns-jalali@^4.1.0-0
854 silly packumentCache full:https://registry.npmjs.org/date-fns-jalali cache-miss
855 http cache https://registry.npmjs.org/@tailwindcss%2fnode 197ms (cache hit)
856 silly packumentCache full:https://registry.npmjs.org/@tailwindcss%2fnode set size:2145845 disposed:false
857 silly fetch manifest lodash@^4.17.21
858 silly packumentCache full:https://registry.npmjs.org/lodash cache-miss
859 http cache https://registry.npmjs.org/picocolors 183ms (cache hit)
860 silly packumentCache full:https://registry.npmjs.org/picocolors set size:16648 disposed:false
861 silly fetch manifest react-is@^18.3.1
862 silly packumentCache full:https://registry.npmjs.org/react-is cache-miss
863 http cache https://registry.npmjs.org/undici-types 198ms (cache hit)
864 silly packumentCache full:https://registry.npmjs.org/undici-types set size:218393 disposed:false
865 silly fetch manifest react-smooth@^4.0.0
866 silly packumentCache full:https://registry.npmjs.org/react-smooth cache-miss
867 http cache https://registry.npmjs.org/@tailwindcss%2foxide 206ms (cache hit)
868 silly packumentCache full:https://registry.npmjs.org/@tailwindcss%2foxide set size:4452562 disposed:false
869 silly fetch manifest eventemitter3@^4.0.1
870 silly packumentCache full:https://registry.npmjs.org/eventemitter3 cache-miss
871 http cache https://registry.npmjs.org/fraction.js 203ms (cache hit)
872 silly packumentCache full:https://registry.npmjs.org/fraction.js set size:149386 disposed:false
873 silly fetch manifest recharts-scale@^0.4.4
874 silly packumentCache full:https://registry.npmjs.org/recharts-scale cache-miss
875 http cache https://registry.npmjs.org/postcss-value-parser 199ms (cache hit)
876 silly packumentCache full:https://registry.npmjs.org/postcss-value-parser set size:73484 disposed:false
877 silly fetch manifest tiny-invariant@^1.3.1
878 silly packumentCache full:https://registry.npmjs.org/tiny-invariant cache-miss
879 http cache https://registry.npmjs.org/nanoid 198ms (cache hit)
880 silly packumentCache full:https://registry.npmjs.org/nanoid set size:310559 disposed:false
881 silly fetch manifest victory-vendor@^36.6.8
882 silly packumentCache full:https://registry.npmjs.org/victory-vendor cache-miss
883 http cache https://registry.npmjs.org/picocolors 197ms (cache hit)
884 silly packumentCache full:https://registry.npmjs.org/picocolors set size:16648 disposed:false
885 silly packumentCache full:https://registry.npmjs.org/picocolors dispose
886 http cache https://registry.npmjs.org/@radix-ui%2freact-dismissable-layer 254ms (cache hit)
887 silly packumentCache full:https://registry.npmjs.org/@radix-ui%2freact-dismissable-layer set size:803119 disposed:true
888 silly packumentCache full:https://registry.npmjs.org/@radix-ui%2freact-dismissable-layer dispose
889 http cache https://registry.npmjs.org/source-map-js 200ms (cache hit)
890 silly packumentCache full:https://registry.npmjs.org/source-map-js set size:62640 disposed:false
891 http cache https://registry.npmjs.org/embla-carousel 197ms (cache hit)
892 silly packumentCache full:https://registry.npmjs.org/embla-carousel set size:831713 disposed:false
893 http cache https://registry.npmjs.org/motion-dom 180ms (cache hit)
894 silly packumentCache full:https://registry.npmjs.org/motion-dom set size:276777 disposed:false
895 http cache https://registry.npmjs.org/embla-carousel-reactive-utils 183ms (cache hit)
896 silly packumentCache full:https://registry.npmjs.org/embla-carousel-reactive-utils set size:119115 disposed:false
897 http cache https://registry.npmjs.org/motion-utils 182ms (cache hit)
898 silly packumentCache full:https://registry.npmjs.org/motion-utils set size:66443 disposed:false
899 http cache https://registry.npmjs.org/styled-jsx 173ms (cache hit)
900 silly packumentCache full:https://registry.npmjs.org/styled-jsx set size:436113 disposed:false
901 http cache https://registry.npmjs.org/@swc%2fhelpers 175ms (cache hit)
902 silly packumentCache full:https://registry.npmjs.org/@swc%2fhelpers set size:775458 disposed:false
903 http cache https://registry.npmjs.org/caniuse-lite 179ms (cache hit)
904 silly packumentCache full:https://registry.npmjs.org/caniuse-lite set size:2293068 disposed:false
905 http cache https://registry.npmjs.org/tslib 198ms (cache hit)
906 silly packumentCache full:https://registry.npmjs.org/tslib set size:108760 disposed:false
907 http cache https://registry.npmjs.org/@next%2fswc-darwin-arm64 180ms (cache hit)
908 silly packumentCache full:https://registry.npmjs.org/@next%2fswc-darwin-arm64 set size:5275877 disposed:false
909 http cache https://registry.npmjs.org/@next%2fenv 237ms (cache hit)
910 silly packumentCache full:https://registry.npmjs.org/@next%2fenv set size:7274574 disposed:false
911 http cache https://registry.npmjs.org/sharp 242ms (cache hit)
912 silly packumentCache full:https://registry.npmjs.org/sharp set size:1072564 disposed:false
913 http cache https://registry.npmjs.org/baseline-browser-mapping 251ms (cache hit)
914 silly packumentCache full:https://registry.npmjs.org/baseline-browser-mapping set size:490771 disposed:false
915 http cache https://registry.npmjs.org/@next%2fswc-darwin-x64 252ms (cache hit)
916 silly packumentCache full:https://registry.npmjs.org/@next%2fswc-darwin-x64 set size:5218866 disposed:false
917 http cache https://registry.npmjs.org/@next%2fswc-linux-x64-gnu 262ms (cache hit)
918 silly packumentCache full:https://registry.npmjs.org/@next%2fswc-linux-x64-gnu set size:5325349 disposed:false
919 http cache https://registry.npmjs.org/@next%2fswc-win32-arm64-msvc 225ms (cache hit)
920 silly packumentCache full:https://registry.npmjs.org/@next%2fswc-win32-arm64-msvc set size:5110538 disposed:false
921 http cache https://registry.npmjs.org/@next%2fswc-linux-arm64-musl 250ms (cache hit)
922 silly packumentCache full:https://registry.npmjs.org/@next%2fswc-linux-arm64-musl set size:5146571 disposed:false
923 http cache https://registry.npmjs.org/@next%2fswc-linux-x64-musl 327ms (cache hit)
924 silly packumentCache full:https://registry.npmjs.org/@next%2fswc-linux-x64-musl set size:5081370 disposed:false
925 http cache https://registry.npmjs.org/@next%2fswc-win32-x64-msvc 342ms (cache hit)
926 silly packumentCache full:https://registry.npmjs.org/@next%2fswc-win32-x64-msvc set size:5297204 disposed:false
927 http cache https://registry.npmjs.org/@next%2fswc-linux-arm64-gnu 334ms (cache hit)
928 silly packumentCache full:https://registry.npmjs.org/@next%2fswc-linux-arm64-gnu set size:5128628 disposed:false
929 http cache https://registry.npmjs.org/lodash 327ms (cache hit)
930 silly packumentCache full:https://registry.npmjs.org/lodash set size:247652 disposed:false
931 http cache https://registry.npmjs.org/date-fns-jalali 339ms (cache hit)
932 silly packumentCache full:https://registry.npmjs.org/date-fns-jalali set size:1845028 disposed:false
933 http cache https://registry.npmjs.org/@date-fns%2ftz 358ms (cache hit)
934 silly packumentCache full:https://registry.npmjs.org/@date-fns%2ftz set size:54909 disposed:false
935 http cache https://registry.npmjs.org/react-smooth 339ms (cache hit)
936 silly packumentCache full:https://registry.npmjs.org/react-smooth set size:197810 disposed:false
937 http cache https://registry.npmjs.org/react-is 349ms (cache hit)
938 silly packumentCache full:https://registry.npmjs.org/react-is set size:5391880 disposed:false
939 http cache https://registry.npmjs.org/eventemitter3 351ms (cache hit)
940 silly packumentCache full:https://registry.npmjs.org/eventemitter3 set size:92292 disposed:false
941 http cache https://registry.npmjs.org/recharts-scale 350ms (cache hit)
942 silly packumentCache full:https://registry.npmjs.org/recharts-scale set size:62529 disposed:false
943 http cache https://registry.npmjs.org/victory-vendor 346ms (cache hit)
944 silly packumentCache full:https://registry.npmjs.org/victory-vendor set size:249266 disposed:false
945 http cache https://registry.npmjs.org/tiny-invariant 352ms (cache hit)
946 silly packumentCache full:https://registry.npmjs.org/tiny-invariant set size:98310 disposed:false
947 silly fetch manifest @types/react@*
948 silly packumentCache full:https://registry.npmjs.org/@types%2freact cache-miss
949 http cache https://registry.npmjs.org/@types%2freact 10ms (cache hit)
950 silly packumentCache full:https://registry.npmjs.org/@types%2freact set size:2607900 disposed:false
951 silly fetch manifest react@^16.8 || ^17.0 || ^18.0 || ^19.0 || ^19.0.0-rc
952 silly packumentCache full:https://registry.npmjs.org/react cache-miss
953 http cache https://registry.npmjs.org/react 11ms (cache hit)
954 silly packumentCache full:https://registry.npmjs.org/react set size:6664217 disposed:false
955 silly fetch manifest @types/react-dom@*
956 silly packumentCache full:https://registry.npmjs.org/@types%2freact-dom cache-hit
957 silly fetch manifest react-dom@^16.8 || ^17.0 || ^18.0 || ^19.0 || ^19.0.0-rc
958 silly packumentCache full:https://registry.npmjs.org/react-dom cache-miss
959 http cache https://registry.npmjs.org/react-dom 15ms (cache hit)
960 silly packumentCache full:https://registry.npmjs.org/react-dom set size:8890872 disposed:false
961 silly placeDep ROOT @radix-ui/primitive@1.1.3 OK for: @radix-ui/react-accordion@1.2.12 want: 1.1.3
962 silly placeDep ROOT @radix-ui/react-collection@1.1.7 OK for: @radix-ui/react-accordion@1.2.12 want: 1.1.7
963 silly placeDep ROOT @radix-ui/react-compose-refs@1.1.2 OK for: @radix-ui/react-accordion@1.2.12 want: 1.1.2
964 silly placeDep ROOT @radix-ui/react-context@1.1.2 OK for: @radix-ui/react-accordion@1.2.12 want: 1.1.2
965 silly placeDep ROOT @radix-ui/react-direction@1.1.1 OK for: @radix-ui/react-accordion@1.2.12 want: 1.1.1
966 silly placeDep ROOT @radix-ui/react-id@1.1.1 OK for: @radix-ui/react-accordion@1.2.12 want: 1.1.1
967 silly placeDep ROOT @radix-ui/react-primitive@2.1.3 OK for: @radix-ui/react-accordion@1.2.12 want: 2.1.3
968 silly placeDep ROOT @radix-ui/react-use-controllable-state@1.2.2 OK for: @radix-ui/react-accordion@1.2.12 want: 1.2.2
969 silly fetch manifest @radix-ui/react-use-effect-event@0.0.2
970 silly packumentCache full:https://registry.npmjs.org/@radix-ui%2freact-use-effect-event cache-miss
971 http cache https://registry.npmjs.org/@radix-ui%2freact-use-effect-event 10ms (cache hit)
972 silly packumentCache full:https://registry.npmjs.org/@radix-ui%2freact-use-effect-event set size:23349 disposed:false
973 silly placeDep node_modules/@radix-ui/react-alert-dialog @radix-ui/react-slot@1.2.3 OK for: @radix-ui/react-alert-dialog@1.1.15 want: 1.2.3
974 silly placeDep node_modules/@radix-ui/react-aspect-ratio @radix-ui/react-primitive@2.1.4 OK for: @radix-ui/react-aspect-ratio@1.1.8 want: 2.1.4
975 silly placeDep node_modules/@radix-ui/react-avatar @radix-ui/react-context@1.1.3 OK for: @radix-ui/react-avatar@1.1.11 want: 1.1.3
976 silly placeDep node_modules/@radix-ui/react-avatar @radix-ui/react-primitive@2.1.4 OK for: @radix-ui/react-avatar@1.1.11 want: 2.1.4
977 silly placeDep ROOT @radix-ui/react-use-callback-ref@1.1.1 OK for: @radix-ui/react-avatar@1.1.11 want: 1.1.1
978 silly placeDep ROOT @radix-ui/react-use-is-hydrated@0.1.0 OK for: @radix-ui/react-avatar@1.1.11 want: 0.1.0
979 silly placeDep ROOT @radix-ui/react-use-layout-effect@1.1.1 OK for: @radix-ui/react-avatar@1.1.11 want: 1.1.1
980 silly fetch manifest use-sync-external-store@^1.5.0
981 silly packumentCache full:https://registry.npmjs.org/use-sync-external-store cache-miss
982 http cache https://registry.npmjs.org/use-sync-external-store 10ms (cache hit)
983 silly packumentCache full:https://registry.npmjs.org/use-sync-external-store set size:4690417 disposed:false
984 silly placeDep ROOT @radix-ui/react-presence@1.1.5 OK for: @radix-ui/react-checkbox@1.3.3 want: 1.1.5
985 silly placeDep ROOT @radix-ui/react-use-previous@1.1.1 OK for: @radix-ui/react-checkbox@1.3.3 want: 1.1.1
986 silly placeDep ROOT @radix-ui/react-use-size@1.1.1 OK for: @radix-ui/react-checkbox@1.3.3 want: 1.1.1
987 silly placeDep node_modules/@radix-ui/react-collection @radix-ui/react-slot@1.2.3 OK for: @radix-ui/react-collection@1.1.7 want: 1.2.3
988 silly placeDep ROOT @radix-ui/react-menu@2.1.16 OK for: @radix-ui/react-context-menu@2.2.16 want: 2.1.16
989 silly placeDep ROOT @radix-ui/react-dismissable-layer@1.1.11 OK for: @radix-ui/react-dialog@1.1.15 want: 1.1.11
990 silly placeDep ROOT @radix-ui/react-focus-guards@1.1.3 OK for: @radix-ui/react-dialog@1.1.15 want: 1.1.3
991 silly placeDep ROOT @radix-ui/react-focus-scope@1.1.7 OK for: @radix-ui/react-dialog@1.1.15 want: 1.1.7
992 silly placeDep ROOT @radix-ui/react-portal@1.1.9 OK for: @radix-ui/react-dialog@1.1.15 want: 1.1.9
993 silly placeDep node_modules/@radix-ui/react-dialog @radix-ui/react-slot@1.2.3 OK for: @radix-ui/react-dialog@1.1.15 want: 1.2.3
994 silly placeDep ROOT aria-hidden@1.2.6 OK for: @radix-ui/react-dialog@1.1.15 want: ^1.2.4
995 silly placeDep ROOT react-remove-scroll@2.7.2 OK for: @radix-ui/react-dialog@1.1.15 want: ^2.6.3
996 silly fetch manifest @radix-ui/react-use-escape-keydown@1.1.1
997 silly packumentCache full:https://registry.npmjs.org/@radix-ui%2freact-use-escape-keydown cache-miss
998 silly fetch manifest tslib@^2.0.0
999 silly packumentCache full:https://registry.npmjs.org/tslib cache-hit
1000 silly fetch manifest react-remove-scroll-bar@^2.3.7
1001 silly packumentCache full:https://registry.npmjs.org/react-remove-scroll-bar cache-miss
1002 silly fetch manifest react-style-singleton@^2.2.3
1003 silly packumentCache full:https://registry.npmjs.org/react-style-singleton cache-miss
1004 silly fetch manifest tslib@^2.1.0
1005 silly packumentCache full:https://registry.npmjs.org/tslib cache-hit
1006 silly fetch manifest use-callback-ref@^1.3.3
1007 silly packumentCache full:https://registry.npmjs.org/use-callback-ref cache-miss
1008 silly fetch manifest use-sidecar@^1.1.3
1009 silly packumentCache full:https://registry.npmjs.org/use-sidecar cache-miss
1010 http cache https://registry.npmjs.org/react-style-singleton 6ms (cache hit)
1011 silly packumentCache full:https://registry.npmjs.org/react-style-singleton set size:33682 disposed:false
1012 http cache https://registry.npmjs.org/react-remove-scroll-bar 7ms (cache hit)
1013 silly packumentCache full:https://registry.npmjs.org/react-remove-scroll-bar set size:66434 disposed:false
1014 http cache https://registry.npmjs.org/use-sidecar 6ms (cache hit)
1015 silly packumentCache full:https://registry.npmjs.org/use-sidecar set size:58998 disposed:false
1016 http cache https://registry.npmjs.org/use-callback-ref 7ms (cache hit)
1017 silly packumentCache full:https://registry.npmjs.org/use-callback-ref set size:47599 disposed:false
1018 http cache https://registry.npmjs.org/@radix-ui%2freact-use-escape-keydown 9ms (cache hit)
1019 silly packumentCache full:https://registry.npmjs.org/@radix-ui%2freact-use-escape-keydown set size:278235 disposed:false
1020 silly placeDep ROOT @radix-ui/react-use-escape-keydown@1.1.1 OK for: @radix-ui/react-dismissable-layer@1.1.11 want: 1.1.1
1021 silly placeDep ROOT @radix-ui/react-popper@1.2.8 OK for: @radix-ui/react-hover-card@1.1.15 want: 1.2.8
1022 silly fetch manifest @radix-ui/rect@1.1.1
1023 silly packumentCache full:https://registry.npmjs.org/@radix-ui%2frect cache-miss
1024 silly fetch manifest @radix-ui/react-arrow@1.1.7
1025 silly packumentCache full:https://registry.npmjs.org/@radix-ui%2freact-arrow cache-miss
1026 silly fetch manifest @floating-ui/react-dom@^2.0.0
1027 silly packumentCache full:https://registry.npmjs.org/@floating-ui%2freact-dom cache-miss
1028 silly fetch manifest @radix-ui/react-use-rect@1.1.1
1029 silly packumentCache full:https://registry.npmjs.org/@radix-ui%2freact-use-rect cache-miss
1030 http cache https://registry.npmjs.org/@radix-ui%2freact-arrow 5ms (cache hit)
1031 silly packumentCache full:https://registry.npmjs.org/@radix-ui%2freact-arrow set size:584244 disposed:false
1032 http cache https://registry.npmjs.org/@floating-ui%2freact-dom 7ms (cache hit)
1033 silly packumentCache full:https://registry.npmjs.org/@floating-ui%2freact-dom set size:165093 disposed:false
1034 http cache https://registry.npmjs.org/@radix-ui%2freact-use-rect 9ms (cache hit)
1035 silly packumentCache full:https://registry.npmjs.org/@radix-ui%2freact-use-rect set size:226040 disposed:false
1036 http cache https://registry.npmjs.org/@radix-ui%2frect 10ms (cache hit)
1037 silly packumentCache full:https://registry.npmjs.org/@radix-ui%2frect set size:101360 disposed:false
1038 silly placeDep node_modules/@radix-ui/react-label @radix-ui/react-primitive@2.1.4 OK for: @radix-ui/react-label@2.1.8 want: 2.1.4
1039 silly placeDep ROOT @radix-ui/react-roving-focus@1.1.11 OK for: @radix-ui/react-menu@2.1.16 want: 1.1.11
1040 silly placeDep node_modules/@radix-ui/react-menu @radix-ui/react-slot@1.2.3 OK for: @radix-ui/react-menu@2.1.16 want: 1.2.3
1041 silly placeDep ROOT @radix-ui/react-visually-hidden@1.2.3 OK for: @radix-ui/react-navigation-menu@1.2.14 want: 1.2.3
1042 silly placeDep node_modules/@radix-ui/react-popover @radix-ui/react-slot@1.2.3 OK for: @radix-ui/react-popover@1.1.15 want: 1.2.3
1043 silly placeDep ROOT @floating-ui/react-dom@2.1.8 OK for: @radix-ui/react-popper@1.2.8 want: ^2.0.0
1044 silly placeDep ROOT @radix-ui/react-arrow@1.1.7 OK for: @radix-ui/react-popper@1.2.8 want: 1.1.7
1045 silly placeDep ROOT @radix-ui/react-use-rect@1.1.1 OK for: @radix-ui/react-popper@1.2.8 want: 1.1.1
1046 silly placeDep ROOT @radix-ui/rect@1.1.1 OK for: @radix-ui/react-popper@1.2.8 want: 1.1.1
1047 silly fetch manifest @floating-ui/dom@^1.7.6
1048 silly packumentCache full:https://registry.npmjs.org/@floating-ui%2fdom cache-miss
1049 http cache https://registry.npmjs.org/@floating-ui%2fdom 3ms (cache hit)
1050 silly packumentCache full:https://registry.npmjs.org/@floating-ui%2fdom set size:251540 disposed:false
1051 silly placeDep ROOT @floating-ui/dom@1.7.6 OK for: @floating-ui/react-dom@2.1.8 want: ^1.7.6
1052 silly fetch manifest @floating-ui/core@^1.7.5
1053 silly packumentCache full:https://registry.npmjs.org/@floating-ui%2fcore cache-miss
1054 silly fetch manifest @floating-ui/utils@^0.2.11
1055 silly packumentCache full:https://registry.npmjs.org/@floating-ui%2futils cache-miss
1056 http cache https://registry.npmjs.org/@floating-ui%2fcore 5ms (cache hit)
1057 silly packumentCache full:https://registry.npmjs.org/@floating-ui%2fcore set size:179277 disposed:false
1058 http cache https://registry.npmjs.org/@floating-ui%2futils 5ms (cache hit)
1059 silly packumentCache full:https://registry.npmjs.org/@floating-ui%2futils set size:51278 disposed:false
1060 silly placeDep ROOT @floating-ui/core@1.7.5 OK for: @floating-ui/dom@1.7.6 want: ^1.7.5
1061 silly placeDep ROOT @floating-ui/utils@0.2.11 OK for: @floating-ui/dom@1.7.6 want: ^0.2.11
1062 silly placeDep node_modules/@radix-ui/react-primitive @radix-ui/react-slot@1.2.3 OK for: @radix-ui/react-primitive@2.1.3 want: 1.2.3
1063 silly placeDep node_modules/@radix-ui/react-progress @radix-ui/react-context@1.1.3 OK for: @radix-ui/react-progress@1.1.8 want: 1.1.3
1064 silly placeDep node_modules/@radix-ui/react-progress @radix-ui/react-primitive@2.1.4 OK for: @radix-ui/react-progress@1.1.8 want: 2.1.4
1065 silly placeDep ROOT @radix-ui/number@1.1.1 OK for: @radix-ui/react-scroll-area@1.2.10 want: 1.1.1
1066 silly placeDep node_modules/@radix-ui/react-select @radix-ui/react-slot@1.2.3 OK for: @radix-ui/react-select@2.2.6 want: 1.2.3
1067 silly placeDep node_modules/@radix-ui/react-separator @radix-ui/react-primitive@2.1.4 OK for: @radix-ui/react-separator@1.1.8 want: 2.1.4
1068 silly placeDep node_modules/@radix-ui/react-tooltip @radix-ui/react-slot@1.2.3 OK for: @radix-ui/react-tooltip@1.2.8 want: 1.2.3
1069 silly placeDep ROOT @radix-ui/react-use-effect-event@0.0.2 OK for: @radix-ui/react-use-controllable-state@1.2.2 want: 0.0.2
1070 silly placeDep ROOT use-sync-external-store@1.6.0 OK for: @radix-ui/react-use-is-hydrated@0.1.0 want: ^1.5.0
1071 silly placeDep ROOT @alloc/quick-lru@5.2.0 OK for: @tailwindcss/postcss@4.3.0 want: ^5.2.0
1072 silly placeDep ROOT @tailwindcss/node@4.3.0 OK for: @tailwindcss/postcss@4.3.0 want: 4.3.0
1073 silly placeDep ROOT @tailwindcss/oxide@4.3.0 OK for: @tailwindcss/postcss@4.3.0 want: 4.3.0
1074 silly fetch manifest jiti@^2.6.1
1075 silly packumentCache full:https://registry.npmjs.org/jiti cache-hit
1076 silly fetch manifest lightningcss@1.32.0
1077 silly packumentCache full:https://registry.npmjs.org/lightningcss cache-miss
1078 silly fetch manifest magic-string@^0.30.21
1079 silly packumentCache full:https://registry.npmjs.org/magic-string cache-miss
1080 silly fetch manifest enhanced-resolve@^5.21.0
1081 silly packumentCache full:https://registry.npmjs.org/enhanced-resolve cache-miss
1082 silly fetch manifest @jridgewell/remapping@^2.3.5
1083 silly packumentCache full:https://registry.npmjs.org/@jridgewell%2fremapping cache-miss
1084 silly fetch manifest @tailwindcss/oxide-darwin-x64@4.3.0
1085 silly packumentCache full:https://registry.npmjs.org/@tailwindcss%2foxide-darwin-x64 cache-miss
1086 silly fetch manifest @tailwindcss/oxide-freebsd-x64@4.3.0
1087 silly packumentCache full:https://registry.npmjs.org/@tailwindcss%2foxide-freebsd-x64 cache-miss
1088 silly fetch manifest @tailwindcss/oxide-wasm32-wasi@4.3.0
1089 silly packumentCache full:https://registry.npmjs.org/@tailwindcss%2foxide-wasm32-wasi cache-miss
1090 silly fetch manifest @tailwindcss/oxide-darwin-arm64@4.3.0
1091 silly packumentCache full:https://registry.npmjs.org/@tailwindcss%2foxide-darwin-arm64 cache-miss
1092 silly fetch manifest @tailwindcss/oxide-android-arm64@4.3.0
1093 silly packumentCache full:https://registry.npmjs.org/@tailwindcss%2foxide-android-arm64 cache-miss
1094 silly fetch manifest @tailwindcss/oxide-linux-x64-gnu@4.3.0
1095 silly packumentCache full:https://registry.npmjs.org/@tailwindcss%2foxide-linux-x64-gnu cache-miss
1096 silly fetch manifest @tailwindcss/oxide-linux-x64-musl@4.3.0
1097 silly packumentCache full:https://registry.npmjs.org/@tailwindcss%2foxide-linux-x64-musl cache-miss
1098 silly fetch manifest @tailwindcss/oxide-win32-x64-msvc@4.3.0
1099 silly packumentCache full:https://registry.npmjs.org/@tailwindcss%2foxide-win32-x64-msvc cache-miss
1100 silly fetch manifest @tailwindcss/oxide-linux-arm64-gnu@4.3.0
1101 silly packumentCache full:https://registry.npmjs.org/@tailwindcss%2foxide-linux-arm64-gnu cache-miss
1102 silly fetch manifest @tailwindcss/oxide-linux-arm64-musl@4.3.0
1103 silly packumentCache full:https://registry.npmjs.org/@tailwindcss%2foxide-linux-arm64-musl cache-miss
1104 silly fetch manifest @tailwindcss/oxide-win32-arm64-msvc@4.3.0
1105 silly packumentCache full:https://registry.npmjs.org/@tailwindcss%2foxide-win32-arm64-msvc cache-miss
1106 silly fetch manifest @tailwindcss/oxide-linux-arm-gnueabihf@4.3.0
1107 silly packumentCache full:https://registry.npmjs.org/@tailwindcss%2foxide-linux-arm-gnueabihf cache-miss
1108 http cache https://registry.npmjs.org/magic-string 20ms (cache hit)
1109 silly packumentCache full:https://registry.npmjs.org/magic-string set size:331817 disposed:false
1110 http cache https://registry.npmjs.org/enhanced-resolve 24ms (cache hit)
1111 silly packumentCache full:https://registry.npmjs.org/enhanced-resolve set size:440586 disposed:false
1112 http cache https://registry.npmjs.org/@jridgewell%2fremapping 28ms (cache hit)
1113 silly packumentCache full:https://registry.npmjs.org/@jridgewell%2fremapping set size:23809 disposed:false
1114 http cache https://registry.npmjs.org/lightningcss 30ms (cache hit)
1115 silly packumentCache full:https://registry.npmjs.org/lightningcss set size:186753 disposed:false
1116 http cache https://registry.npmjs.org/@tailwindcss%2foxide-wasm32-wasi 32ms (cache hit)
1117 silly packumentCache full:https://registry.npmjs.org/@tailwindcss%2foxide-wasm32-wasi set size:1388609 disposed:false
1118 http cache https://registry.npmjs.org/@tailwindcss%2foxide-freebsd-x64 39ms (cache hit)
1119 silly packumentCache full:https://registry.npmjs.org/@tailwindcss%2foxide-freebsd-x64 set size:2816213 disposed:false
1120 http cache https://registry.npmjs.org/@tailwindcss%2foxide-darwin-x64 51ms (cache hit)
1121 silly packumentCache full:https://registry.npmjs.org/@tailwindcss%2foxide-darwin-x64 set size:2801965 disposed:false
1122 http cache https://registry.npmjs.org/@tailwindcss%2foxide-android-arm64 59ms (cache hit)
1123 silly packumentCache full:https://registry.npmjs.org/@tailwindcss%2foxide-android-arm64 set size:1976773 disposed:false
1124 http cache https://registry.npmjs.org/@tailwindcss%2foxide-linux-x64-musl 70ms (cache hit)
1125 silly packumentCache full:https://registry.npmjs.org/@tailwindcss%2foxide-linux-x64-musl set size:2868367 disposed:false
1126 http cache https://registry.npmjs.org/@tailwindcss%2foxide-linux-x64-gnu 91ms (cache hit)
1127 silly packumentCache full:https://registry.npmjs.org/@tailwindcss%2foxide-linux-x64-gnu set size:2859763 disposed:false
1128 http cache https://registry.npmjs.org/@tailwindcss%2foxide-win32-x64-msvc 102ms (cache hit)
1129 silly packumentCache full:https://registry.npmjs.org/@tailwindcss%2foxide-win32-x64-msvc set size:2841958 disposed:false
1130 http cache https://registry.npmjs.org/@tailwindcss%2foxide-linux-arm64-gnu 114ms (cache hit)
1131 silly packumentCache full:https://registry.npmjs.org/@tailwindcss%2foxide-linux-arm64-gnu set size:2885444 disposed:false
1132 http cache https://registry.npmjs.org/@tailwindcss%2foxide-darwin-arm64 127ms (cache hit)
1133 silly packumentCache full:https://registry.npmjs.org/@tailwindcss%2foxide-darwin-arm64 set size:2836553 disposed:false
1134 http cache https://registry.npmjs.org/@tailwindcss%2foxide-linux-arm64-musl 137ms (cache hit)
1135 silly packumentCache full:https://registry.npmjs.org/@tailwindcss%2foxide-linux-arm64-musl set size:2896303 disposed:false
1136 http cache https://registry.npmjs.org/@tailwindcss%2foxide-win32-arm64-msvc 148ms (cache hit)
1137 silly packumentCache full:https://registry.npmjs.org/@tailwindcss%2foxide-win32-arm64-msvc set size:1951947 disposed:false
1138 http cache https://registry.npmjs.org/@tailwindcss%2foxide-linux-arm-gnueabihf 156ms (cache hit)
1139 silly packumentCache full:https://registry.npmjs.org/@tailwindcss%2foxide-linux-arm-gnueabihf set size:2910199 disposed:false
1140 silly placeDep ROOT @jridgewell/remapping@2.3.5 OK for: @tailwindcss/node@4.3.0 want: ^2.3.5
1141 silly placeDep ROOT enhanced-resolve@5.22.1 OK for: @tailwindcss/node@4.3.0 want: ^5.21.0
1142 silly placeDep ROOT jiti@2.7.0 OK for: @tailwindcss/node@4.3.0 want: ^2.6.1
1143 silly placeDep ROOT lightningcss@1.32.0 OK for: @tailwindcss/node@4.3.0 want: 1.32.0
1144 silly placeDep ROOT magic-string@0.30.21 OK for: @tailwindcss/node@4.3.0 want: ^0.30.21
1145 silly placeDep ROOT source-map-js@1.2.1 OK for: @tailwindcss/node@4.3.0 want: ^1.2.1
1146 silly fetch manifest @jridgewell/gen-mapping@^0.3.5
1147 silly packumentCache full:https://registry.npmjs.org/@jridgewell%2fgen-mapping cache-miss
1148 silly fetch manifest @jridgewell/trace-mapping@^0.3.24
1149 silly packumentCache full:https://registry.npmjs.org/@jridgewell%2ftrace-mapping cache-miss
1150 silly fetch manifest graceful-fs@^4.2.4
1151 silly packumentCache full:https://registry.npmjs.org/graceful-fs cache-miss
1152 silly fetch manifest tapable@^2.3.3
1153 silly packumentCache full:https://registry.npmjs.org/tapable cache-miss
1154 silly fetch manifest detect-libc@^2.0.3
1155 silly packumentCache full:https://registry.npmjs.org/detect-libc cache-miss
1156 silly fetch manifest lightningcss-darwin-x64@1.32.0
1157 silly packumentCache full:https://registry.npmjs.org/lightningcss-darwin-x64 cache-miss
1158 silly fetch manifest lightningcss-linux-x64-gnu@1.32.0
1159 silly packumentCache full:https://registry.npmjs.org/lightningcss-linux-x64-gnu cache-miss
1160 silly fetch manifest lightningcss-win32-x64-msvc@1.32.0
1161 silly packumentCache full:https://registry.npmjs.org/lightningcss-win32-x64-msvc cache-miss
1162 silly fetch manifest lightningcss-win32-arm64-msvc@1.32.0
1163 silly packumentCache full:https://registry.npmjs.org/lightningcss-win32-arm64-msvc cache-miss
1164 silly fetch manifest lightningcss-darwin-arm64@1.32.0
1165 silly packumentCache full:https://registry.npmjs.org/lightningcss-darwin-arm64 cache-miss
1166 silly fetch manifest lightningcss-linux-arm64-gnu@1.32.0
1167 silly packumentCache full:https://registry.npmjs.org/lightningcss-linux-arm64-gnu cache-miss
1168 silly fetch manifest lightningcss-linux-arm-gnueabihf@1.32.0
1169 silly packumentCache full:https://registry.npmjs.org/lightningcss-linux-arm-gnueabihf cache-miss
1170 silly fetch manifest lightningcss-linux-arm64-musl@1.32.0
1171 silly packumentCache full:https://registry.npmjs.org/lightningcss-linux-arm64-musl cache-miss
1172 silly fetch manifest lightningcss-linux-x64-musl@1.32.0
1173 silly packumentCache full:https://registry.npmjs.org/lightningcss-linux-x64-musl cache-miss
1174 silly fetch manifest lightningcss-freebsd-x64@1.32.0
1175 silly packumentCache full:https://registry.npmjs.org/lightningcss-freebsd-x64 cache-miss
1176 silly fetch manifest lightningcss-android-arm64@1.32.0
1177 silly packumentCache full:https://registry.npmjs.org/lightningcss-android-arm64 cache-miss
1178 silly fetch manifest @jridgewell/sourcemap-codec@^1.5.5
1179 silly packumentCache full:https://registry.npmjs.org/@jridgewell%2fsourcemap-codec cache-miss
1180 http cache https://registry.npmjs.org/detect-libc 13ms (cache hit)
1181 silly packumentCache full:https://registry.npmjs.org/detect-libc set size:47861 disposed:false
1182 http cache https://registry.npmjs.org/@jridgewell%2fgen-mapping 14ms (cache hit)
1183 silly packumentCache full:https://registry.npmjs.org/@jridgewell%2fgen-mapping set size:75941 disposed:false
1184 http cache https://registry.npmjs.org/tapable 15ms (cache hit)
1185 silly packumentCache full:https://registry.npmjs.org/tapable set size:141233 disposed:false
1186 http cache https://registry.npmjs.org/lightningcss-linux-x64-gnu 16ms (cache hit)
1187 silly packumentCache full:https://registry.npmjs.org/lightningcss-linux-x64-gnu set size:80105 disposed:false
1188 http cache https://registry.npmjs.org/@jridgewell%2ftrace-mapping 17ms (cache hit)
1189 silly packumentCache full:https://registry.npmjs.org/@jridgewell%2ftrace-mapping set size:170909 disposed:false
1190 http cache https://registry.npmjs.org/lightningcss-darwin-x64 17ms (cache hit)
1191 silly packumentCache full:https://registry.npmjs.org/lightningcss-darwin-x64 set size:78694 disposed:false
1192 http cache https://registry.npmjs.org/lightningcss-win32-x64-msvc 18ms (cache hit)
1193 silly packumentCache full:https://registry.npmjs.org/lightningcss-win32-x64-msvc set size:79645 disposed:false
1194 http cache https://registry.npmjs.org/lightningcss-linux-arm64-gnu 18ms (cache hit)
1195 silly packumentCache full:https://registry.npmjs.org/lightningcss-linux-arm64-gnu set size:80669 disposed:false
1196 http cache https://registry.npmjs.org/lightningcss-darwin-arm64 19ms (cache hit)
1197 silly packumentCache full:https://registry.npmjs.org/lightningcss-darwin-arm64 set size:79276 disposed:false
1198 http cache https://registry.npmjs.org/graceful-fs 20ms (cache hit)
1199 silly packumentCache full:https://registry.npmjs.org/graceful-fs set size:124285 disposed:false
1200 http cache https://registry.npmjs.org/lightningcss-linux-arm64-musl 20ms (cache hit)
1201 silly packumentCache full:https://registry.npmjs.org/lightningcss-linux-arm64-musl set size:80887 disposed:false
1202 http cache https://registry.npmjs.org/lightningcss-linux-arm-gnueabihf 21ms (cache hit)
1203 silly packumentCache full:https://registry.npmjs.org/lightningcss-linux-arm-gnueabihf set size:80903 disposed:false
1204 http cache https://registry.npmjs.org/lightningcss-win32-arm64-msvc 22ms (cache hit)
1205 silly packumentCache full:https://registry.npmjs.org/lightningcss-win32-arm64-msvc set size:26629 disposed:false
1206 http cache https://registry.npmjs.org/lightningcss-linux-x64-musl 22ms (cache hit)
1207 silly packumentCache full:https://registry.npmjs.org/lightningcss-linux-x64-musl set size:80313 disposed:false
1208 http cache https://registry.npmjs.org/lightningcss-android-arm64 22ms (cache hit)
1209 silly packumentCache full:https://registry.npmjs.org/lightningcss-android-arm64 set size:7671 disposed:false
1210 http cache https://registry.npmjs.org/lightningcss-freebsd-x64 23ms (cache hit)
1211 silly packumentCache full:https://registry.npmjs.org/lightningcss-freebsd-x64 set size:42877 disposed:false
1212 http cache https://registry.npmjs.org/@jridgewell%2fsourcemap-codec 22ms (cache hit)
1213 silly packumentCache full:https://registry.npmjs.org/@jridgewell%2fsourcemap-codec set size:51856 disposed:false
1214 silly placeDep ROOT @jridgewell/gen-mapping@0.3.13 OK for: @jridgewell/remapping@2.3.5 want: ^0.3.5
1215 silly placeDep ROOT @jridgewell/trace-mapping@0.3.31 OK for: @jridgewell/remapping@2.3.5 want: ^0.3.24
1216 silly fetch manifest @jridgewell/sourcemap-codec@^1.5.0
1217 silly packumentCache full:https://registry.npmjs.org/@jridgewell%2fsourcemap-codec cache-hit
1218 silly fetch manifest @jridgewell/resolve-uri@^3.1.0
1219 silly packumentCache full:https://registry.npmjs.org/@jridgewell%2fresolve-uri cache-miss
1220 silly fetch manifest @jridgewell/sourcemap-codec@^1.4.14
1221 silly packumentCache full:https://registry.npmjs.org/@jridgewell%2fsourcemap-codec cache-hit
1222 http cache https://registry.npmjs.org/@jridgewell%2fresolve-uri 2ms (cache hit)
1223 silly packumentCache full:https://registry.npmjs.org/@jridgewell%2fresolve-uri set size:57361 disposed:false
1224 silly placeDep ROOT @jridgewell/sourcemap-codec@1.5.5 OK for: @jridgewell/gen-mapping@0.3.13 want: ^1.5.0
1225 silly placeDep ROOT @jridgewell/resolve-uri@3.1.2 OK for: @jridgewell/trace-mapping@0.3.31 want: ^3.1.0
1226 silly placeDep ROOT @tailwindcss/oxide-android-arm64@4.3.0 OK for: @tailwindcss/oxide@4.3.0 want: 4.3.0
1227 silly placeDep ROOT @tailwindcss/oxide-darwin-arm64@4.3.0 OK for: @tailwindcss/oxide@4.3.0 want: 4.3.0
1228 silly placeDep ROOT @tailwindcss/oxide-darwin-x64@4.3.0 OK for: @tailwindcss/oxide@4.3.0 want: 4.3.0
1229 silly placeDep ROOT @tailwindcss/oxide-freebsd-x64@4.3.0 OK for: @tailwindcss/oxide@4.3.0 want: 4.3.0
1230 silly placeDep ROOT @tailwindcss/oxide-linux-arm-gnueabihf@4.3.0 OK for: @tailwindcss/oxide@4.3.0 want: 4.3.0
1231 silly placeDep ROOT @tailwindcss/oxide-linux-arm64-gnu@4.3.0 OK for: @tailwindcss/oxide@4.3.0 want: 4.3.0
1232 silly placeDep ROOT @tailwindcss/oxide-linux-arm64-musl@4.3.0 OK for: @tailwindcss/oxide@4.3.0 want: 4.3.0
1233 silly placeDep ROOT @tailwindcss/oxide-linux-x64-gnu@4.3.0 OK for: @tailwindcss/oxide@4.3.0 want: 4.3.0
1234 silly placeDep ROOT @tailwindcss/oxide-linux-x64-musl@4.3.0 OK for: @tailwindcss/oxide@4.3.0 want: 4.3.0
1235 silly placeDep ROOT @tailwindcss/oxide-wasm32-wasi@4.3.0 OK for: @tailwindcss/oxide@4.3.0 want: 4.3.0
1236 silly placeDep ROOT @tailwindcss/oxide-win32-arm64-msvc@4.3.0 OK for: @tailwindcss/oxide@4.3.0 want: 4.3.0
1237 silly placeDep ROOT @tailwindcss/oxide-win32-x64-msvc@4.3.0 OK for: @tailwindcss/oxide@4.3.0 want: 4.3.0
1238 silly placeDep ROOT undici-types@6.21.0 OK for: @types/node@22.19.19 want: ~6.21.0
1239 silly placeDep ROOT csstype@3.2.3 OK for: @types/react@19.2.15 want: ^3.2.2
1240 silly placeDep ROOT tslib@2.8.1 OK for: aria-hidden@1.2.6 want: ^2.0.0
1241 silly placeDep ROOT browserslist@4.28.2 OK for: autoprefixer@10.5.0 want: ^4.28.2
1242 silly placeDep ROOT caniuse-lite@1.0.30001793 OK for: autoprefixer@10.5.0 want: ^1.0.30001787
1243 silly placeDep ROOT fraction.js@5.3.4 OK for: autoprefixer@10.5.0 want: ^5.3.4
1244 silly placeDep ROOT picocolors@1.1.1 OK for: autoprefixer@10.5.0 want: ^1.1.1
1245 silly placeDep ROOT postcss-value-parser@4.2.0 OK for: autoprefixer@10.5.0 want: ^4.2.0
1246 silly fetch manifest baseline-browser-mapping@^2.10.12
1247 silly packumentCache full:https://registry.npmjs.org/baseline-browser-mapping cache-hit
1248 silly fetch manifest caniuse-lite@^1.0.30001782
1249 silly packumentCache full:https://registry.npmjs.org/caniuse-lite cache-miss
1250 silly fetch manifest electron-to-chromium@^1.5.328
1251 silly packumentCache full:https://registry.npmjs.org/electron-to-chromium cache-miss
1252 silly fetch manifest node-releases@^2.0.36
1253 silly packumentCache full:https://registry.npmjs.org/node-releases cache-miss
1254 silly fetch manifest update-browserslist-db@^1.2.3
1255 silly packumentCache full:https://registry.npmjs.org/update-browserslist-db cache-miss
1256 http cache https://registry.npmjs.org/node-releases 4ms (cache hit)
1257 silly packumentCache full:https://registry.npmjs.org/node-releases set size:281408 disposed:false
1258 http cache https://registry.npmjs.org/update-browserslist-db 6ms (cache hit)
1259 silly packumentCache full:https://registry.npmjs.org/update-browserslist-db set size:62000 disposed:false
1260 http cache https://registry.npmjs.org/caniuse-lite 10ms (cache hit)
1261 silly packumentCache full:https://registry.npmjs.org/caniuse-lite set size:2293068 disposed:false
1262 http cache https://registry.npmjs.org/electron-to-chromium 22ms (cache hit)
1263 silly packumentCache full:https://registry.npmjs.org/electron-to-chromium set size:4810990 disposed:false
1264 silly fetch manifest browserslist@>= 4.21.0
1265 silly packumentCache full:https://registry.npmjs.org/browserslist cache-hit
1266 silly placeDep ROOT baseline-browser-mapping@2.10.32 OK for: browserslist@4.28.2 want: ^2.10.12
1267 silly placeDep ROOT electron-to-chromium@1.5.364 OK for: browserslist@4.28.2 want: ^1.5.328
1268 silly placeDep ROOT node-releases@2.0.46 OK for: browserslist@4.28.2 want: ^2.0.36
1269 silly placeDep ROOT update-browserslist-db@1.2.3 OK for: browserslist@4.28.2 want: ^1.2.3
1270 silly fetch manifest escalade@^3.2.0
1271 silly packumentCache full:https://registry.npmjs.org/escalade cache-miss
1272 http cache https://registry.npmjs.org/escalade 17ms (cache hit)
1273 silly packumentCache full:https://registry.npmjs.org/escalade set size:33724 disposed:false
1274 silly placeDep ROOT embla-carousel@8.6.0 OK for: embla-carousel-react@8.6.0 want: 8.6.0
1275 silly placeDep ROOT embla-carousel-reactive-utils@8.6.0 OK for: embla-carousel-react@8.6.0 want: 8.6.0
1276 silly placeDep ROOT graceful-fs@4.2.11 OK for: enhanced-resolve@5.22.1 want: ^4.2.4
1277 silly placeDep ROOT tapable@2.3.3 OK for: enhanced-resolve@5.22.1 want: ^2.3.3
1278 silly placeDep ROOT motion-dom@12.40.0 OK for: framer-motion@12.40.0 want: ^12.40.0
1279 silly placeDep ROOT motion-utils@12.39.0 OK for: framer-motion@12.40.0 want: ^12.39.0
1280 silly placeDep ROOT detect-libc@2.1.2 OK for: lightningcss@1.32.0 want: ^2.0.3
1281 silly placeDep ROOT lightningcss-android-arm64@1.32.0 OK for: lightningcss@1.32.0 want: 1.32.0
1282 silly placeDep ROOT lightningcss-darwin-arm64@1.32.0 OK for: lightningcss@1.32.0 want: 1.32.0
1283 silly placeDep ROOT lightningcss-darwin-x64@1.32.0 OK for: lightningcss@1.32.0 want: 1.32.0
1284 silly placeDep ROOT lightningcss-freebsd-x64@1.32.0 OK for: lightningcss@1.32.0 want: 1.32.0
1285 silly placeDep ROOT lightningcss-linux-arm-gnueabihf@1.32.0 OK for: lightningcss@1.32.0 want: 1.32.0
1286 silly placeDep ROOT lightningcss-linux-arm64-gnu@1.32.0 OK for: lightningcss@1.32.0 want: 1.32.0
1287 silly placeDep ROOT lightningcss-linux-arm64-musl@1.32.0 OK for: lightningcss@1.32.0 want: 1.32.0
1288 silly placeDep ROOT lightningcss-linux-x64-gnu@1.32.0 OK for: lightningcss@1.32.0 want: 1.32.0
1289 silly placeDep ROOT lightningcss-linux-x64-musl@1.32.0 OK for: lightningcss@1.32.0 want: 1.32.0
1290 silly placeDep ROOT lightningcss-win32-arm64-msvc@1.32.0 OK for: lightningcss@1.32.0 want: 1.32.0
1291 silly placeDep ROOT lightningcss-win32-x64-msvc@1.32.0 OK for: lightningcss@1.32.0 want: 1.32.0
1292 silly fetch manifest react@^18.2.0 || 19.0.0-rc-de68d2f4-20241204 || ^19.0.0
1293 silly packumentCache full:https://registry.npmjs.org/react cache-miss
1294 http cache https://registry.npmjs.org/react 15ms (cache hit)
1295 silly packumentCache full:https://registry.npmjs.org/react set size:6664217 disposed:false
1296 silly placeDep ROOT @next/env@16.2.6 OK for: next@16.2.6 want: 16.2.6
1297 silly placeDep ROOT @next/swc-darwin-arm64@16.2.6 OK for: next@16.2.6 want: 16.2.6
1298 silly placeDep ROOT @next/swc-darwin-x64@16.2.6 OK for: next@16.2.6 want: 16.2.6
1299 silly placeDep ROOT @next/swc-linux-arm64-gnu@16.2.6 OK for: next@16.2.6 want: 16.2.6
1300 silly placeDep ROOT @next/swc-linux-arm64-musl@16.2.6 OK for: next@16.2.6 want: 16.2.6
1301 silly placeDep ROOT @next/swc-linux-x64-gnu@16.2.6 OK for: next@16.2.6 want: 16.2.6
1302 silly placeDep ROOT @next/swc-linux-x64-musl@16.2.6 OK for: next@16.2.6 want: 16.2.6
1303 silly placeDep ROOT @next/swc-win32-arm64-msvc@16.2.6 OK for: next@16.2.6 want: 16.2.6
1304 silly placeDep ROOT @next/swc-win32-x64-msvc@16.2.6 OK for: next@16.2.6 want: 16.2.6
1305 silly placeDep ROOT @swc/helpers@0.5.15 OK for: next@16.2.6 want: 0.5.15
1306 silly placeDep node_modules/next postcss@8.4.31 OK for: next@16.2.6 want: 8.4.31
1307 silly placeDep ROOT sharp@0.34.5 OK for: next@16.2.6 want: ^0.34.5
1308 silly placeDep ROOT styled-jsx@5.1.6 OK for: next@16.2.6 want: 5.1.6
1309 silly fetch manifest nanoid@^3.3.6
1310 silly packumentCache full:https://registry.npmjs.org/nanoid cache-hit
1311 silly fetch manifest semver@^7.7.3
1312 silly packumentCache full:https://registry.npmjs.org/semver cache-miss
1313 silly fetch manifest @img/colour@^1.0.0
1314 silly packumentCache full:https://registry.npmjs.org/@img%2fcolour cache-miss
1315 silly fetch manifest @img/sharp-wasm32@0.34.5
1316 silly packumentCache full:https://registry.npmjs.org/@img%2fsharp-wasm32 cache-miss
1317 silly fetch manifest @img/sharp-linux-arm@0.34.5
1318 silly packumentCache full:https://registry.npmjs.org/@img%2fsharp-linux-arm cache-miss
1319 silly fetch manifest @img/sharp-linux-x64@0.34.5
1320 silly packumentCache full:https://registry.npmjs.org/@img%2fsharp-linux-x64 cache-miss
1321 silly fetch manifest @img/sharp-win32-x64@0.34.5
1322 silly packumentCache full:https://registry.npmjs.org/@img%2fsharp-win32-x64 cache-miss
1323 silly fetch manifest @img/sharp-darwin-x64@0.34.5
1324 silly packumentCache full:https://registry.npmjs.org/@img%2fsharp-darwin-x64 cache-miss
1325 silly fetch manifest @img/sharp-win32-ia32@0.34.5
1326 silly packumentCache full:https://registry.npmjs.org/@img%2fsharp-win32-ia32 cache-miss
1327 silly fetch manifest @img/sharp-linux-arm64@0.34.5
1328 silly packumentCache full:https://registry.npmjs.org/@img%2fsharp-linux-arm64 cache-miss
1329 silly fetch manifest @img/sharp-linux-ppc64@0.34.5
1330 silly packumentCache full:https://registry.npmjs.org/@img%2fsharp-linux-ppc64 cache-miss
1331 silly fetch manifest @img/sharp-linux-s390x@0.34.5
1332 silly packumentCache full:https://registry.npmjs.org/@img%2fsharp-linux-s390x cache-miss
1333 silly fetch manifest @img/sharp-win32-arm64@0.34.5
1334 silly packumentCache full:https://registry.npmjs.org/@img%2fsharp-win32-arm64 cache-miss
1335 silly fetch manifest @img/sharp-darwin-arm64@0.34.5
1336 silly packumentCache full:https://registry.npmjs.org/@img%2fsharp-darwin-arm64 cache-miss
1337 silly fetch manifest @img/sharp-linux-riscv64@0.34.5
1338 silly packumentCache full:https://registry.npmjs.org/@img%2fsharp-linux-riscv64 cache-miss
1339 silly fetch manifest @img/sharp-linuxmusl-x64@0.34.5
1340 silly packumentCache full:https://registry.npmjs.org/@img%2fsharp-linuxmusl-x64 cache-miss
1341 silly fetch manifest @img/sharp-linuxmusl-arm64@0.34.5
1342 silly packumentCache full:https://registry.npmjs.org/@img%2fsharp-linuxmusl-arm64 cache-miss
1343 silly fetch manifest @img/sharp-libvips-linux-arm@1.2.4
1344 silly packumentCache full:https://registry.npmjs.org/@img%2fsharp-libvips-linux-arm cache-miss
1345 silly fetch manifest @img/sharp-libvips-linux-x64@1.2.4
1346 silly packumentCache full:https://registry.npmjs.org/@img%2fsharp-libvips-linux-x64 cache-miss
1347 silly fetch manifest @img/sharp-libvips-darwin-x64@1.2.4
1348 silly packumentCache full:https://registry.npmjs.org/@img%2fsharp-libvips-darwin-x64 cache-miss
1349 silly fetch manifest @img/sharp-libvips-linux-arm64@1.2.4
1350 silly packumentCache full:https://registry.npmjs.org/@img%2fsharp-libvips-linux-arm64 cache-miss
1351 silly fetch manifest @img/sharp-libvips-linux-ppc64@1.2.4
1352 silly packumentCache full:https://registry.npmjs.org/@img%2fsharp-libvips-linux-ppc64 cache-miss
1353 silly fetch manifest @img/sharp-libvips-linux-s390x@1.2.4
1354 silly packumentCache full:https://registry.npmjs.org/@img%2fsharp-libvips-linux-s390x cache-miss
1355 silly fetch manifest @img/sharp-libvips-darwin-arm64@1.2.4
1356 silly packumentCache full:https://registry.npmjs.org/@img%2fsharp-libvips-darwin-arm64 cache-miss
1357 silly fetch manifest @img/sharp-libvips-linux-riscv64@1.2.4
1358 silly packumentCache full:https://registry.npmjs.org/@img%2fsharp-libvips-linux-riscv64 cache-miss
1359 silly fetch manifest @img/sharp-libvips-linuxmusl-x64@1.2.4
1360 silly packumentCache full:https://registry.npmjs.org/@img%2fsharp-libvips-linuxmusl-x64 cache-miss
1361 silly fetch manifest @img/sharp-libvips-linuxmusl-arm64@1.2.4
1362 silly packumentCache full:https://registry.npmjs.org/@img%2fsharp-libvips-linuxmusl-arm64 cache-miss
1363 silly fetch manifest client-only@0.0.1
1364 silly packumentCache full:https://registry.npmjs.org/client-only cache-miss
1365 http cache https://registry.npmjs.org/@img%2fsharp-wasm32 21ms (cache hit)
1366 silly packumentCache full:https://registry.npmjs.org/@img%2fsharp-wasm32 set size:69437 disposed:false
1367 http cache https://registry.npmjs.org/@img%2fsharp-win32-ia32 21ms (cache hit)
1368 silly packumentCache full:https://registry.npmjs.org/@img%2fsharp-win32-ia32 set size:73172 disposed:false
1369 http cache https://registry.npmjs.org/@img%2fcolour 23ms (cache hit)
1370 silly packumentCache full:https://registry.npmjs.org/@img%2fcolour set size:9701 disposed:false
1371 http cache https://registry.npmjs.org/semver 23ms (cache hit)
1372 silly packumentCache full:https://registry.npmjs.org/semver set size:235672 disposed:false
1373 http cache https://registry.npmjs.org/@img%2fsharp-darwin-x64 25ms (cache hit)
1374 silly packumentCache full:https://registry.npmjs.org/@img%2fsharp-darwin-x64 set size:75437 disposed:false
1375 http cache https://registry.npmjs.org/@img%2fsharp-win32-arm64 26ms (cache hit)
1376 silly packumentCache full:https://registry.npmjs.org/@img%2fsharp-win32-arm64 set size:32122 disposed:false
1377 http cache https://registry.npmjs.org/@img%2fsharp-linux-riscv64 25ms (cache hit)
1378 silly packumentCache full:https://registry.npmjs.org/@img%2fsharp-linux-riscv64 set size:17504 disposed:false
1379 http cache https://registry.npmjs.org/@img%2fsharp-linux-s390x 27ms (cache hit)
1380 silly packumentCache full:https://registry.npmjs.org/@img%2fsharp-linux-s390x set size:73603 disposed:false
1381 http cache https://registry.npmjs.org/@img%2fsharp-win32-x64 27ms (cache hit)
1382 silly packumentCache full:https://registry.npmjs.org/@img%2fsharp-win32-x64 set size:72477 disposed:false
1383 http cache https://registry.npmjs.org/@img%2fsharp-linux-arm 28ms (cache hit)
1384 silly packumentCache full:https://registry.npmjs.org/@img%2fsharp-linux-arm set size:75025 disposed:false
1385 http cache https://registry.npmjs.org/@img%2fsharp-libvips-linux-arm 27ms (cache hit)
1386 silly packumentCache full:https://registry.npmjs.org/@img%2fsharp-libvips-linux-arm set size:69203 disposed:false
1387 http cache https://registry.npmjs.org/@img%2fsharp-darwin-arm64 29ms (cache hit)
1388 silly packumentCache full:https://registry.npmjs.org/@img%2fsharp-darwin-arm64 set size:76460 disposed:false
1389 http cache https://registry.npmjs.org/@img%2fsharp-linux-ppc64 29ms (cache hit)
1390 silly packumentCache full:https://registry.npmjs.org/@img%2fsharp-linux-ppc64 set size:40341 disposed:false
1391 http cache https://registry.npmjs.org/@img%2fsharp-libvips-darwin-x64 29ms (cache hit)
1392 silly packumentCache full:https://registry.npmjs.org/@img%2fsharp-libvips-darwin-x64 set size:62245 disposed:false
1393 http cache https://registry.npmjs.org/@img%2fsharp-linux-x64 30ms (cache hit)
1394 silly packumentCache full:https://registry.npmjs.org/@img%2fsharp-linux-x64 set size:74659 disposed:false
1395 http cache https://registry.npmjs.org/@img%2fsharp-linux-arm64 31ms (cache hit)
1396 silly packumentCache full:https://registry.npmjs.org/@img%2fsharp-linux-arm64 set size:75657 disposed:false
1397 http cache https://registry.npmjs.org/@img%2fsharp-libvips-linux-x64 30ms (cache hit)
1398 silly packumentCache full:https://registry.npmjs.org/@img%2fsharp-libvips-linux-x64 set size:67222 disposed:false
1399 http cache https://registry.npmjs.org/@img%2fsharp-libvips-linux-riscv64 30ms (cache hit)
1400 silly packumentCache full:https://registry.npmjs.org/@img%2fsharp-libvips-linux-riscv64 set size:39389 disposed:false
1401 http cache https://registry.npmjs.org/@img%2fsharp-libvips-linux-ppc64 31ms (cache hit)
1402 silly packumentCache full:https://registry.npmjs.org/@img%2fsharp-libvips-linux-ppc64 set size:53353 disposed:false
1403 http cache https://registry.npmjs.org/@img%2fsharp-libvips-linux-s390x 32ms (cache hit)
1404 silly packumentCache full:https://registry.npmjs.org/@img%2fsharp-libvips-linux-s390x set size:62330 disposed:false
1405 http cache https://registry.npmjs.org/@img%2fsharp-libvips-darwin-arm64 31ms (cache hit)
1406 silly packumentCache full:https://registry.npmjs.org/@img%2fsharp-libvips-darwin-arm64 set size:62951 disposed:false
1407 http cache https://registry.npmjs.org/@img%2fsharp-libvips-linuxmusl-x64 32ms (cache hit)
1408 silly packumentCache full:https://registry.npmjs.org/@img%2fsharp-libvips-linuxmusl-x64 set size:64360 disposed:false
1409 http cache https://registry.npmjs.org/@img%2fsharp-linuxmusl-arm64 42ms (cache hit)
1410 silly packumentCache full:https://registry.npmjs.org/@img%2fsharp-linuxmusl-arm64 set size:76866 disposed:false
1411 http cache https://registry.npmjs.org/@img%2fsharp-libvips-linux-arm64 44ms (cache hit)
1412 silly packumentCache full:https://registry.npmjs.org/@img%2fsharp-libvips-linux-arm64 set size:66148 disposed:false
1413 http cache https://registry.npmjs.org/@img%2fsharp-libvips-linuxmusl-arm64 44ms (cache hit)
1414 silly packumentCache full:https://registry.npmjs.org/@img%2fsharp-libvips-linuxmusl-arm64 set size:65104 disposed:false
1415 http cache https://registry.npmjs.org/@img%2fsharp-linuxmusl-x64 45ms (cache hit)
1416 silly packumentCache full:https://registry.npmjs.org/@img%2fsharp-linuxmusl-x64 set size:75867 disposed:false
1417 http cache https://registry.npmjs.org/client-only 45ms (cache hit)
1418 silly packumentCache full:https://registry.npmjs.org/client-only set size:2750 disposed:false
1419 silly placeDep ROOT nanoid@3.3.12 OK for: postcss@8.5.15 want: ^3.3.12
1420 silly placeDep ROOT @date-fns/tz@1.5.0 OK for: react-day-picker@9.13.2 want: ^1.4.1
1421 silly placeDep ROOT date-fns-jalali@4.1.0-0 OK for: react-day-picker@9.13.2 want: ^4.1.0-0
1422 silly placeDep ROOT scheduler@0.27.0 OK for: react-dom@19.2.6 want: ^0.27.0
1423 silly fetch manifest react@^16.8.0 || ^17.0.0 || ^18.0.0 || ^19.0.0 || ^19.0.0-rc
1424 silly packumentCache full:https://registry.npmjs.org/react cache-miss
1425 http cache https://registry.npmjs.org/react 13ms (cache hit)
1426 silly packumentCache full:https://registry.npmjs.org/react set size:6664217 disposed:false
1427 silly placeDep ROOT react-remove-scroll-bar@2.3.8 OK for: react-remove-scroll@2.7.2 want: ^2.3.7
1428 silly placeDep ROOT react-style-singleton@2.2.3 OK for: react-remove-scroll@2.7.2 want: ^2.2.3
1429 silly placeDep ROOT use-callback-ref@1.3.3 OK for: react-remove-scroll@2.7.2 want: ^1.3.3
1430 silly placeDep ROOT use-sidecar@1.1.3 OK for: react-remove-scroll@2.7.2 want: ^1.1.3
1431 silly fetch manifest react-style-singleton@^2.2.2
1432 silly packumentCache full:https://registry.npmjs.org/react-style-singleton cache-hit
1433 silly fetch manifest get-nonce@^1.0.0
1434 silly packumentCache full:https://registry.npmjs.org/get-nonce cache-miss
1435 silly fetch manifest detect-node-es@^1.1.0
1436 silly packumentCache full:https://registry.npmjs.org/detect-node-es cache-miss
1437 http cache https://registry.npmjs.org/get-nonce 3ms (cache hit)
1438 silly packumentCache full:https://registry.npmjs.org/get-nonce set size:8902 disposed:false
1439 http cache https://registry.npmjs.org/detect-node-es 4ms (cache hit)
1440 silly packumentCache full:https://registry.npmjs.org/detect-node-es set size:6554 disposed:false
1441 silly placeDep ROOT get-nonce@1.0.1 OK for: react-style-singleton@2.2.3 want: ^1.0.0
1442 silly fetch manifest react@^16.0.0 || ^17.0.0 || ^18.0.0 || ^19.0.0
1443 silly packumentCache full:https://registry.npmjs.org/react cache-miss
1444 http cache https://registry.npmjs.org/react 12ms (cache hit)
1445 silly packumentCache full:https://registry.npmjs.org/react set size:6664217 disposed:false
1446 silly fetch manifest react-dom@^16.0.0 || ^17.0.0 || ^18.0.0 || ^19.0.0
1447 silly packumentCache full:https://registry.npmjs.org/react-dom cache-miss
1448 http cache https://registry.npmjs.org/react-dom 23ms (cache hit)
1449 silly packumentCache full:https://registry.npmjs.org/react-dom set size:8890872 disposed:false
1450 silly placeDep ROOT eventemitter3@4.0.7 OK for: recharts@2.15.0 want: ^4.0.1
1451 silly placeDep ROOT lodash@4.18.1 OK for: recharts@2.15.0 want: ^4.17.21
1452 silly placeDep ROOT react-is@18.3.1 OK for: recharts@2.15.0 want: ^18.3.1
1453 silly placeDep ROOT react-smooth@4.0.4 OK for: recharts@2.15.0 want: ^4.0.0
1454 silly placeDep ROOT recharts-scale@0.4.5 OK for: recharts@2.15.0 want: ^0.4.4
1455 silly placeDep ROOT tiny-invariant@1.3.3 OK for: recharts@2.15.0 want: ^1.3.1
1456 silly placeDep ROOT victory-vendor@36.9.2 OK for: recharts@2.15.0 want: ^36.6.8
1457 silly fetch manifest fast-equals@^5.0.1
1458 silly packumentCache full:https://registry.npmjs.org/fast-equals cache-miss
1459 silly fetch manifest prop-types@^15.8.1
1460 silly packumentCache full:https://registry.npmjs.org/prop-types cache-miss
1461 silly fetch manifest react-transition-group@^4.4.5
1462 silly packumentCache full:https://registry.npmjs.org/react-transition-group cache-miss
1463 silly fetch manifest decimal.js-light@^2.4.1
1464 silly packumentCache full:https://registry.npmjs.org/decimal.js-light cache-miss
1465 silly fetch manifest d3-ease@^3.0.1
1466 silly packumentCache full:https://registry.npmjs.org/d3-ease cache-miss
1467 silly fetch manifest d3-time@^3.0.0
1468 silly packumentCache full:https://registry.npmjs.org/d3-time cache-miss
1469 silly fetch manifest d3-array@^3.1.6
1470 silly packumentCache full:https://registry.npmjs.org/d3-array cache-miss
1471 silly fetch manifest d3-scale@^4.0.2
1472 silly packumentCache full:https://registry.npmjs.org/d3-scale cache-miss
1473 silly fetch manifest d3-shape@^3.1.0
1474 silly packumentCache full:https://registry.npmjs.org/d3-shape cache-miss
1475 silly fetch manifest d3-timer@^3.0.1
1476 silly packumentCache full:https://registry.npmjs.org/d3-timer cache-miss
1477 silly fetch manifest @types/d3-ease@^3.0.0
1478 silly packumentCache full:https://registry.npmjs.org/@types%2fd3-ease cache-miss
1479 silly fetch manifest @types/d3-time@^3.0.0
1480 silly packumentCache full:https://registry.npmjs.org/@types%2fd3-time cache-miss
1481 silly fetch manifest d3-interpolate@^3.0.1
1482 silly packumentCache full:https://registry.npmjs.org/d3-interpolate cache-miss
1483 silly fetch manifest @types/d3-array@^3.0.3
1484 silly packumentCache full:https://registry.npmjs.org/@types%2fd3-array cache-miss
1485 silly fetch manifest @types/d3-scale@^4.0.2
1486 silly packumentCache full:https://registry.npmjs.org/@types%2fd3-scale cache-miss
1487 silly fetch manifest @types/d3-shape@^3.1.0
1488 silly packumentCache full:https://registry.npmjs.org/@types%2fd3-shape cache-miss
1489 silly fetch manifest @types/d3-timer@^3.0.0
1490 silly packumentCache full:https://registry.npmjs.org/@types%2fd3-timer cache-miss
1491 silly fetch manifest @types/d3-interpolate@^3.0.1
1492 silly packumentCache full:https://registry.npmjs.org/@types%2fd3-interpolate cache-miss
1493 http cache https://registry.npmjs.org/decimal.js-light 15ms (cache hit)
1494 silly packumentCache full:https://registry.npmjs.org/decimal.js-light set size:38254 disposed:false
1495 http cache https://registry.npmjs.org/d3-time 16ms (cache hit)
1496 silly packumentCache full:https://registry.npmjs.org/d3-time set size:150406 disposed:false
1497 http cache https://registry.npmjs.org/fast-equals 18ms (cache hit)
1498 silly packumentCache full:https://registry.npmjs.org/fast-equals set size:341560 disposed:false
1499 http cache https://registry.npmjs.org/react-transition-group 21ms (cache hit)
1500 silly packumentCache full:https://registry.npmjs.org/react-transition-group set size:110654 disposed:false
1501 http cache https://registry.npmjs.org/d3-array 21ms (cache hit)
1502 silly packumentCache full:https://registry.npmjs.org/d3-array set size:246308 disposed:false
1503 http cache https://registry.npmjs.org/d3-shape 23ms (cache hit)
1504 silly packumentCache full:https://registry.npmjs.org/d3-shape set size:275657 disposed:false
1505 http cache https://registry.npmjs.org/prop-types 26ms (cache hit)
1506 silly packumentCache full:https://registry.npmjs.org/prop-types set size:76747 disposed:false
1507 http cache https://registry.npmjs.org/@types%2fd3-time 26ms (cache hit)
1508 silly packumentCache full:https://registry.npmjs.org/@types%2fd3-time set size:52652 disposed:false
1509 http cache https://registry.npmjs.org/@types%2fd3-shape 25ms (cache hit)
1510 silly packumentCache full:https://registry.npmjs.org/@types%2fd3-shape set size:115816 disposed:false
1511 http cache https://registry.npmjs.org/d3-timer 27ms (cache hit)
1512 silly packumentCache full:https://registry.npmjs.org/d3-timer set size:101516 disposed:false
1513 http cache https://registry.npmjs.org/@types%2fd3-ease 29ms (cache hit)
1514 silly packumentCache full:https://registry.npmjs.org/@types%2fd3-ease set size:41281 disposed:false
1515 http cache https://registry.npmjs.org/@types%2fd3-scale 29ms (cache hit)
1516 silly packumentCache full:https://registry.npmjs.org/@types%2fd3-scale set size:131176 disposed:false
1517 http cache https://registry.npmjs.org/d3-scale 31ms (cache hit)
1518 silly packumentCache full:https://registry.npmjs.org/d3-scale set size:514172 disposed:false
1519 http cache https://registry.npmjs.org/@types%2fd3-array 32ms (cache hit)
1520 silly packumentCache full:https://registry.npmjs.org/@types%2fd3-array set size:130543 disposed:false
1521 http cache https://registry.npmjs.org/@types%2fd3-interpolate 33ms (cache hit)
1522 silly packumentCache full:https://registry.npmjs.org/@types%2fd3-interpolate set size:56692 disposed:false
1523 http cache https://registry.npmjs.org/d3-ease 35ms (cache hit)
1524 silly packumentCache full:https://registry.npmjs.org/d3-ease set size:109490 disposed:false
1525 http cache https://registry.npmjs.org/d3-interpolate 35ms (cache hit)
1526 silly packumentCache full:https://registry.npmjs.org/d3-interpolate set size:162337 disposed:false
1527 http cache https://registry.npmjs.org/@types%2fd3-timer 36ms (cache hit)
1528 silly packumentCache full:https://registry.npmjs.org/@types%2fd3-timer set size:38776 disposed:false
1529 silly fetch manifest react@^16.8.0 || ^17.0.0 || ^18.0.0 || ^19.0.0
1530 silly packumentCache full:https://registry.npmjs.org/react cache-miss
1531 http cache https://registry.npmjs.org/react 11ms (cache hit)
1532 silly packumentCache full:https://registry.npmjs.org/react set size:6664217 disposed:false
1533 silly fetch manifest react-dom@^16.8.0 || ^17.0.0 || ^18.0.0 || ^19.0.0
1534 silly packumentCache full:https://registry.npmjs.org/react-dom cache-miss
1535 http cache https://registry.npmjs.org/react-dom 17ms (cache hit)
1536 silly packumentCache full:https://registry.npmjs.org/react-dom set size:8890872 disposed:false
1537 silly placeDep ROOT fast-equals@5.4.0 OK for: react-smooth@4.0.4 want: ^5.0.1
1538 silly placeDep ROOT prop-types@15.8.1 OK for: react-smooth@4.0.4 want: ^15.8.1
1539 silly placeDep ROOT react-transition-group@4.4.5 OK for: react-smooth@4.0.4 want: ^4.4.5
1540 silly fetch manifest loose-envify@^1.4.0
1541 silly packumentCache full:https://registry.npmjs.org/loose-envify cache-miss
1542 silly fetch manifest object-assign@^4.1.1
1543 silly packumentCache full:https://registry.npmjs.org/object-assign cache-miss
1544 silly fetch manifest react-is@^16.13.1
1545 silly packumentCache full:https://registry.npmjs.org/react-is cache-miss
1546 silly fetch manifest @babel/runtime@^7.5.5
1547 silly packumentCache full:https://registry.npmjs.org/@babel%2fruntime cache-miss
1548 silly fetch manifest dom-helpers@^5.0.1
1549 silly packumentCache full:https://registry.npmjs.org/dom-helpers cache-miss
1550 silly fetch manifest loose-envify@^1.4.0
1551 silly packumentCache full:https://registry.npmjs.org/loose-envify cache-miss
1552 http cache https://registry.npmjs.org/loose-envify 5ms (cache hit)
1553 silly packumentCache full:https://registry.npmjs.org/loose-envify set size:12559 disposed:false
1554 http cache https://registry.npmjs.org/object-assign 6ms (cache hit)
1555 silly packumentCache full:https://registry.npmjs.org/object-assign set size:28988 disposed:false
1556 http cache https://registry.npmjs.org/dom-helpers 6ms (cache hit)
1557 silly packumentCache full:https://registry.npmjs.org/dom-helpers set size:76331 disposed:false
1558 http cache https://registry.npmjs.org/loose-envify 7ms (cache hit)
1559 silly packumentCache full:https://registry.npmjs.org/loose-envify set size:12559 disposed:false
1560 silly packumentCache full:https://registry.npmjs.org/loose-envify dispose
1561 http cache https://registry.npmjs.org/@babel%2fruntime 12ms (cache hit)
1562 silly packumentCache full:https://registry.npmjs.org/@babel%2fruntime set size:3455431 disposed:false
1563 http cache https://registry.npmjs.org/react-is 28ms (cache hit)
1564 silly packumentCache full:https://registry.npmjs.org/react-is set size:5391880 disposed:false
1565 silly placeDep ROOT loose-envify@1.4.0 OK for: prop-types@15.8.1 want: ^1.4.0
1566 silly placeDep ROOT object-assign@4.1.1 OK for: prop-types@15.8.1 want: ^4.1.1
1567 silly placeDep node_modules/prop-types react-is@16.13.1 OK for: prop-types@15.8.1 want: ^16.13.1
1568 silly fetch manifest js-tokens@^3.0.0 || ^4.0.0
1569 silly packumentCache full:https://registry.npmjs.org/js-tokens cache-miss
1570 http cache https://registry.npmjs.org/js-tokens 6ms (cache hit)
1571 silly packumentCache full:https://registry.npmjs.org/js-tokens set size:41947 disposed:false
1572 silly placeDep ROOT js-tokens@4.0.0 OK for: loose-envify@1.4.0 want: ^3.0.0 || ^4.0.0
1573 silly placeDep ROOT @babel/runtime@7.29.7 OK for: react-transition-group@4.4.5 want: ^7.5.5
1574 silly placeDep ROOT dom-helpers@5.2.1 OK for: react-transition-group@4.4.5 want: ^5.0.1
1575 silly placeDep ROOT decimal.js-light@2.5.1 OK for: recharts-scale@0.4.5 want: ^2.4.1
1576 silly placeDep ROOT @img/colour@1.1.0 OK for: sharp@0.34.5 want: ^1.0.0
1577 silly placeDep ROOT @img/sharp-darwin-arm64@0.34.5 OK for: sharp@0.34.5 want: 0.34.5
1578 silly placeDep ROOT @img/sharp-darwin-x64@0.34.5 OK for: sharp@0.34.5 want: 0.34.5
1579 silly placeDep ROOT @img/sharp-libvips-darwin-arm64@1.2.4 OK for: sharp@0.34.5 want: 1.2.4
1580 silly placeDep ROOT @img/sharp-libvips-darwin-x64@1.2.4 OK for: sharp@0.34.5 want: 1.2.4
1581 silly placeDep ROOT @img/sharp-libvips-linux-arm@1.2.4 OK for: sharp@0.34.5 want: 1.2.4
1582 silly placeDep ROOT @img/sharp-libvips-linux-arm64@1.2.4 OK for: sharp@0.34.5 want: 1.2.4
1583 silly placeDep ROOT @img/sharp-libvips-linux-ppc64@1.2.4 OK for: sharp@0.34.5 want: 1.2.4
1584 silly placeDep ROOT @img/sharp-libvips-linux-riscv64@1.2.4 OK for: sharp@0.34.5 want: 1.2.4
1585 silly placeDep ROOT @img/sharp-libvips-linux-s390x@1.2.4 OK for: sharp@0.34.5 want: 1.2.4
1586 silly placeDep ROOT @img/sharp-libvips-linux-x64@1.2.4 OK for: sharp@0.34.5 want: 1.2.4
1587 silly placeDep ROOT @img/sharp-libvips-linuxmusl-arm64@1.2.4 OK for: sharp@0.34.5 want: 1.2.4
1588 silly placeDep ROOT @img/sharp-libvips-linuxmusl-x64@1.2.4 OK for: sharp@0.34.5 want: 1.2.4
1589 silly placeDep ROOT @img/sharp-linux-arm@0.34.5 OK for: sharp@0.34.5 want: 0.34.5
1590 silly placeDep ROOT @img/sharp-linux-arm64@0.34.5 OK for: sharp@0.34.5 want: 0.34.5
1591 silly placeDep ROOT @img/sharp-linux-ppc64@0.34.5 OK for: sharp@0.34.5 want: 0.34.5
1592 silly placeDep ROOT @img/sharp-linux-riscv64@0.34.5 OK for: sharp@0.34.5 want: 0.34.5
1593 silly placeDep ROOT @img/sharp-linux-s390x@0.34.5 OK for: sharp@0.34.5 want: 0.34.5
1594 silly placeDep ROOT @img/sharp-linux-x64@0.34.5 OK for: sharp@0.34.5 want: 0.34.5
1595 silly placeDep ROOT @img/sharp-linuxmusl-arm64@0.34.5 OK for: sharp@0.34.5 want: 0.34.5
1596 silly placeDep ROOT @img/sharp-linuxmusl-x64@0.34.5 OK for: sharp@0.34.5 want: 0.34.5
1597 silly placeDep ROOT @img/sharp-wasm32@0.34.5 OK for: sharp@0.34.5 want: 0.34.5
1598 silly placeDep ROOT @img/sharp-win32-arm64@0.34.5 OK for: sharp@0.34.5 want: 0.34.5
1599 silly placeDep ROOT @img/sharp-win32-ia32@0.34.5 OK for: sharp@0.34.5 want: 0.34.5
1600 silly placeDep ROOT @img/sharp-win32-x64@0.34.5 OK for: sharp@0.34.5 want: 0.34.5
1601 silly placeDep ROOT semver@7.8.1 OK for: sharp@0.34.5 want: ^7.7.3
1602 silly fetch manifest @emnapi/runtime@^1.7.0
1603 silly packumentCache full:https://registry.npmjs.org/@emnapi%2fruntime cache-miss
1604 http cache https://registry.npmjs.org/@emnapi%2fruntime 2ms (cache hit)
1605 silly packumentCache full:https://registry.npmjs.org/@emnapi%2fruntime set size:109985 disposed:false
1606 silly placeDep ROOT @emnapi/runtime@1.10.0 OK for: @img/sharp-wasm32@0.34.5 want: ^1.7.0
1607 silly placeDep ROOT client-only@0.0.1 OK for: styled-jsx@5.1.6 want: 0.0.1
1608 silly placeDep ROOT escalade@3.2.0 OK for: update-browserslist-db@1.2.3 want: ^3.2.0
1609 silly placeDep ROOT detect-node-es@1.1.0 OK for: use-sidecar@1.1.3 want: ^1.1.0
1610 silly placeDep ROOT @types/d3-array@3.2.2 OK for: victory-vendor@36.9.2 want: ^3.0.3
1611 silly placeDep ROOT @types/d3-ease@3.0.2 OK for: victory-vendor@36.9.2 want: ^3.0.0
1612 silly placeDep ROOT @types/d3-interpolate@3.0.4 OK for: victory-vendor@36.9.2 want: ^3.0.1
1613 silly placeDep ROOT @types/d3-scale@4.0.9 OK for: victory-vendor@36.9.2 want: ^4.0.2
1614 silly placeDep ROOT @types/d3-shape@3.1.8 OK for: victory-vendor@36.9.2 want: ^3.1.0
1615 silly placeDep ROOT @types/d3-time@3.0.4 OK for: victory-vendor@36.9.2 want: ^3.0.0
1616 silly placeDep ROOT @types/d3-timer@3.0.2 OK for: victory-vendor@36.9.2 want: ^3.0.0
1617 silly placeDep ROOT d3-array@3.2.4 OK for: victory-vendor@36.9.2 want: ^3.1.6
1618 silly placeDep ROOT d3-ease@3.0.1 OK for: victory-vendor@36.9.2 want: ^3.0.1
1619 silly placeDep ROOT d3-interpolate@3.0.1 OK for: victory-vendor@36.9.2 want: ^3.0.1
1620 silly placeDep ROOT d3-scale@4.0.2 OK for: victory-vendor@36.9.2 want: ^4.0.2
1621 silly placeDep ROOT d3-shape@3.2.0 OK for: victory-vendor@36.9.2 want: ^3.1.0
1622 silly placeDep ROOT d3-time@3.1.0 OK for: victory-vendor@36.9.2 want: ^3.0.0
1623 silly placeDep ROOT d3-timer@3.0.1 OK for: victory-vendor@36.9.2 want: ^3.0.1
1624 silly fetch manifest @types/d3-color@*
1625 silly packumentCache full:https://registry.npmjs.org/@types%2fd3-color cache-miss
1626 silly fetch manifest @types/d3-time@*
1627 silly packumentCache full:https://registry.npmjs.org/@types%2fd3-time cache-hit
1628 silly fetch manifest @types/d3-path@*
1629 silly packumentCache full:https://registry.npmjs.org/@types%2fd3-path cache-miss
1630 silly fetch manifest internmap@1 - 2
1631 silly packumentCache full:https://registry.npmjs.org/internmap cache-miss
1632 silly fetch manifest d3-color@1 - 3
1633 silly packumentCache full:https://registry.npmjs.org/d3-color cache-miss
1634 silly fetch manifest d3-format@1 - 3
1635 silly packumentCache full:https://registry.npmjs.org/d3-format cache-miss
1636 silly fetch manifest d3-time@2.1.1 - 3
1637 silly packumentCache full:https://registry.npmjs.org/d3-time cache-hit
1638 silly fetch manifest d3-time-format@2 - 4
1639 silly packumentCache full:https://registry.npmjs.org/d3-time-format cache-miss
1640 silly fetch manifest d3-path@^3.1.0
1641 silly packumentCache full:https://registry.npmjs.org/d3-path cache-miss
1642 http cache https://registry.npmjs.org/d3-color 5ms (cache hit)
1643 silly packumentCache full:https://registry.npmjs.org/d3-color set size:142335 disposed:false
1644 http cache https://registry.npmjs.org/internmap 7ms (cache hit)
1645 silly packumentCache full:https://registry.npmjs.org/internmap set size:19637 disposed:false
1646 http cache https://registry.npmjs.org/@types%2fd3-color 9ms (cache hit)
1647 silly packumentCache full:https://registry.npmjs.org/@types%2fd3-color set size:69998 disposed:false
1648 http cache https://registry.npmjs.org/@types%2fd3-path 9ms (cache hit)
1649 silly packumentCache full:https://registry.npmjs.org/@types%2fd3-path set size:41268 disposed:false
1650 http cache https://registry.npmjs.org/d3-format 9ms (cache hit)
1651 silly packumentCache full:https://registry.npmjs.org/d3-format set size:107249 disposed:false
1652 http cache https://registry.npmjs.org/d3-path 9ms (cache hit)
1653 silly packumentCache full:https://registry.npmjs.org/d3-path set size:77883 disposed:false
1654 http cache https://registry.npmjs.org/d3-time-format 11ms (cache hit)
1655 silly packumentCache full:https://registry.npmjs.org/d3-time-format set size:124514 disposed:false
1656 silly placeDep ROOT @types/d3-color@3.1.3 OK for: @types/d3-interpolate@3.0.4 want: *
1657 silly placeDep ROOT @types/d3-path@3.1.1 OK for: @types/d3-shape@3.1.8 want: *
1658 silly placeDep ROOT internmap@2.0.3 OK for: d3-array@3.2.4 want: 1 - 2
1659 silly placeDep ROOT d3-color@3.1.0 OK for: d3-interpolate@3.0.1 want: 1 - 3
1660 silly placeDep ROOT d3-format@3.1.2 OK for: d3-scale@4.0.2 want: 1 - 3
1661 silly placeDep ROOT d3-time-format@4.1.0 OK for: d3-scale@4.0.2 want: 2 - 4
1662 silly placeDep ROOT d3-path@3.1.0 OK for: d3-shape@3.2.0 want: ^3.1.0
1663 silly reify moves {}
1664 verbose reify failed optional dependency D:\Project\Reviewly\node_modules\@tailwindcss\oxide-wasm32-wasi
1665 silly reify mark deleted [
1665 silly reify   'D:\\Project\\Reviewly\\node_modules\\@tailwindcss\\oxide-wasm32-wasi'
1665 silly reify ]
1666 silly audit bulk request {
1666 silly audit   '@hookform/resolvers': [ '3.10.0' ],
1666 silly audit   'react-hook-form': [ '7.76.1' ],
1666 silly audit   react: [ '19.2.6' ],
1666 silly audit   '@radix-ui/react-accordion': [ '1.2.12' ],
1666 silly audit   'react-dom': [ '19.2.6' ],
1666 silly audit   '@radix-ui/react-alert-dialog': [ '1.1.15' ],
1666 silly audit   '@radix-ui/react-aspect-ratio': [ '1.1.8' ],
1666 silly audit   '@radix-ui/react-avatar': [ '1.1.11' ],
1666 silly audit   '@radix-ui/react-checkbox': [ '1.3.3' ],
1666 silly audit   '@radix-ui/react-collapsible': [ '1.1.12' ],
1666 silly audit   '@radix-ui/react-context-menu': [ '2.2.16' ],
1666 silly audit   '@radix-ui/react-dialog': [ '1.1.15' ],
1666 silly audit   '@radix-ui/react-dropdown-menu': [ '2.1.16' ],
1666 silly audit   '@radix-ui/react-hover-card': [ '1.1.15' ],
1666 silly audit   '@radix-ui/react-label': [ '2.1.8' ],
1666 silly audit   '@radix-ui/react-menubar': [ '1.1.16' ],
1666 silly audit   '@radix-ui/react-navigation-menu': [ '1.2.14' ],
1666 silly audit   '@radix-ui/react-popover': [ '1.1.15' ],
1666 silly audit   '@radix-ui/react-progress': [ '1.1.8' ],
1666 silly audit   '@radix-ui/react-radio-group': [ '1.3.8' ],
1666 silly audit   '@radix-ui/react-scroll-area': [ '1.2.10' ],
1666 silly audit   '@radix-ui/react-select': [ '2.2.6' ],
1666 silly audit   '@radix-ui/react-separator': [ '1.1.8' ],
1666 silly audit   '@radix-ui/react-slider': [ '1.3.6' ],
1666 silly audit   '@radix-ui/react-slot': [ '1.2.4', '1.2.3' ],
1666 silly audit   '@radix-ui/react-switch': [ '1.2.6' ],
1666 silly audit   '@radix-ui/react-tabs': [ '1.1.13' ],
1666 silly audit   '@radix-ui/react-toast': [ '1.2.15' ],
1666 silly audit   '@radix-ui/react-toggle': [ '1.1.10' ],
1666 silly audit   '@radix-ui/react-toggle-group': [ '1.1.11' ],
1666 silly audit   '@radix-ui/react-tooltip': [ '1.2.8' ],
1666 silly audit   '@tailwindcss/postcss': [ '4.3.0' ],
1666 silly audit   '@types/node': [ '22.19.19' ],
1666 silly audit   '@types/react': [ '19.2.15' ],
1666 silly audit   '@types/react-dom': [ '19.2.3' ],
1666 silly audit   '@vercel/analytics': [ '1.6.1' ],
1666 silly audit   autoprefixer: [ '10.5.0' ],
1666 silly audit   postcss: [ '8.5.15', '8.4.31' ],
1666 silly audit   'class-variance-authority': [ '0.7.1' ],
1666 silly audit   clsx: [ '2.1.1' ],
1666 silly audit   cmdk: [ '1.1.1' ],
1666 silly audit   'date-fns': [ '4.1.0' ],
1666 silly audit   'embla-carousel-react': [ '8.6.0' ],
1666 silly audit   'framer-motion': [ '12.40.0' ],
1666 silly audit   'input-otp': [ '1.4.2' ],
1666 silly audit   'lucide-react': [ '0.564.0' ],
1666 silly audit   next: [ '16.2.6' ],
1666 silly audit   'next-themes': [ '0.4.6' ],
1666 silly audit   'react-day-picker': [ '9.13.2' ],
1666 silly audit   'react-resizable-panels': [ '2.1.9' ],
1666 silly audit   recharts: [ '2.15.0' ],
1666 silly audit   sonner: [ '1.7.4' ],
1666 silly audit   'tailwind-merge': [ '3.6.0' ],
1666 silly audit   tailwindcss: [ '4.3.0' ],
1666 silly audit   'tw-animate-css': [ '1.3.3' ],
1666 silly audit   typescript: [ '5.7.3' ],
1666 silly audit   vaul: [ '1.1.2' ],
1666 silly audit   zod: [ '3.25.76' ],
1666 silly audit   '@radix-ui/primitive': [ '1.1.3' ],
1666 silly audit   '@radix-ui/react-collection': [ '1.1.7' ],
1666 silly audit   '@radix-ui/react-compose-refs': [ '1.1.2' ],
1666 silly audit   '@radix-ui/react-context': [ '1.1.2', '1.1.3' ],
1666 silly audit   '@radix-ui/react-direction': [ '1.1.1' ],
1666 silly audit   '@radix-ui/react-id': [ '1.1.1' ],
1666 silly audit   '@radix-ui/react-primitive': [ '2.1.3', '2.1.4' ],
1666 silly audit   '@radix-ui/react-use-controllable-state': [ '1.2.2' ],
1666 silly audit   '@radix-ui/react-use-callback-ref': [ '1.1.1' ],
1666 silly audit   '@radix-ui/react-use-is-hydrated': [ '0.1.0' ],
1666 silly audit   '@radix-ui/react-use-layout-effect': [ '1.1.1' ],
1666 silly audit   '@radix-ui/react-presence': [ '1.1.5' ],
1666 silly audit   '@radix-ui/react-use-previous': [ '1.1.1' ],
1666 silly audit   '@radix-ui/react-use-size': [ '1.1.1' ],
1666 silly audit   '@radix-ui/react-menu': [ '2.1.16' ],
1666 silly audit   '@radix-ui/react-dismissable-layer': [ '1.1.11' ],
1666 silly audit   '@radix-ui/react-focus-guards': [ '1.1.3' ],
1666 silly audit   '@radix-ui/react-focus-scope': [ '1.1.7' ],
1666 silly audit   '@radix-ui/react-portal': [ '1.1.9' ],
1666 silly audit   'aria-hidden': [ '1.2.6' ],
1666 silly audit   'react-remove-scroll': [ '2.7.2' ],
1666 silly audit   '@radix-ui/react-use-escape-keydown': [ '1.1.1' ],
1666 silly audit   '@radix-ui/react-popper': [ '1.2.8' ],
1666 silly audit   '@radix-ui/react-roving-focus': [ '1.1.11' ],
1666 silly audit   '@radix-ui/react-visually-hidden': [ '1.2.3' ],
1666 silly audit   '@floating-ui/react-dom': [ '2.1.8' ],
1666 silly audit   '@radix-ui/react-arrow': [ '1.1.7' ],
1666 silly audit   '@radix-ui/react-use-rect': [ '1.1.1' ],
1666 silly audit   '@radix-ui/rect': [ '1.1.1' ],
1666 silly audit   '@floating-ui/dom': [ '1.7.6' ],
1666 silly audit   '@floating-ui/core': [ '1.7.5' ],
1666 silly audit   '@floating-ui/utils': [ '0.2.11' ],
1666 silly audit   '@radix-ui/number': [ '1.1.1' ],
1666 silly audit   '@radix-ui/react-use-effect-event': [ '0.0.2' ],
1666 silly audit   'use-sync-external-store': [ '1.6.0' ],
1666 silly audit   '@alloc/quick-lru': [ '5.2.0' ],
1666 silly audit   '@tailwindcss/node': [ '4.3.0' ],
1666 silly audit   '@tailwindcss/oxide': [ '4.3.0' ],
1666 silly audit   '@jridgewell/remapping': [ '2.3.5' ],
1666 silly audit   'enhanced-resolve': [ '5.22.1' ],
1666 silly audit   jiti: [ '2.7.0' ],
1666 silly audit   lightningcss: [ '1.32.0' ],
1666 silly audit   'magic-string': [ '0.30.21' ],
1666 silly audit   'source-map-js': [ '1.2.1' ],
1666 silly audit   '@jridgewell/gen-mapping': [ '0.3.13' ],
1666 silly audit   '@jridgewell/trace-mapping': [ '0.3.31' ],
1666 silly audit   '@jridgewell/sourcemap-codec': [ '1.5.5' ],
1666 silly audit   '@jridgewell/resolve-uri': [ '3.1.2' ],
1666 silly audit   '@tailwindcss/oxide-android-arm64': [ '4.3.0' ],
1666 silly audit   '@tailwindcss/oxide-darwin-arm64': [ '4.3.0' ],
1666 silly audit   '@tailwindcss/oxide-darwin-x64': [ '4.3.0' ],
1666 silly audit   '@tailwindcss/oxide-freebsd-x64': [ '4.3.0' ],
1666 silly audit   '@tailwindcss/oxide-linux-arm-gnueabihf': [ '4.3.0' ],
1666 silly audit   '@tailwindcss/oxide-linux-arm64-gnu': [ '4.3.0' ],
1666 silly audit   '@tailwindcss/oxide-linux-arm64-musl': [ '4.3.0' ],
1666 silly audit   '@tailwindcss/oxide-linux-x64-gnu': [ '4.3.0' ],
1666 silly audit   '@tailwindcss/oxide-linux-x64-musl': [ '4.3.0' ],
1666 silly audit   '@tailwindcss/oxide-win32-arm64-msvc': [ '4.3.0' ],
1666 silly audit   '@tailwindcss/oxide-win32-x64-msvc': [ '4.3.0' ],
1666 silly audit   'undici-types': [ '6.21.0' ],
1666 silly audit   csstype: [ '3.2.3' ],
1666 silly audit   tslib: [ '2.8.1' ],
1666 silly audit   browserslist: [ '4.28.2' ],
1666 silly audit   'caniuse-lite': [ '1.0.30001793' ],
1666 silly audit   'fraction.js': [ '5.3.4' ],
1666 silly audit   picocolors: [ '1.1.1' ],
1666 silly audit   'postcss-value-parser': [ '4.2.0' ],
1666 silly audit   'baseline-browser-mapping': [ '2.10.32' ],
1666 silly audit   'electron-to-chromium': [ '1.5.364' ],
1666 silly audit   'node-releases': [ '2.0.46' ],
1666 silly audit   'update-browserslist-db': [ '1.2.3' ],
1666 silly audit   'embla-carousel': [ '8.6.0' ],
1666 silly audit   'embla-carousel-reactive-utils': [ '8.6.0' ],
1666 silly audit   'graceful-fs': [ '4.2.11' ],
1666 silly audit   tapable: [ '2.3.3' ],
1666 silly audit   'motion-dom': [ '12.40.0' ],
1666 silly audit   'motion-utils': [ '12.39.0' ],
1666 silly audit   'detect-libc': [ '2.1.2' ],
1666 silly audit   'lightningcss-android-arm64': [ '1.32.0' ],
1666 silly audit   'lightningcss-darwin-arm64': [ '1.32.0' ],
1666 silly audit   'lightningcss-darwin-x64': [ '1.32.0' ],
1666 silly audit   'lightningcss-freebsd-x64': [ '1.32.0' ],
1666 silly audit   'lightningcss-linux-arm-gnueabihf': [ '1.32.0' ],
1666 silly audit   'lightningcss-linux-arm64-gnu': [ '1.32.0' ],
1666 silly audit   'lightningcss-linux-arm64-musl': [ '1.32.0' ],
1666 silly audit   'lightningcss-linux-x64-gnu': [ '1.32.0' ],
1666 silly audit   'lightningcss-linux-x64-musl': [ '1.32.0' ],
1666 silly audit   'lightningcss-win32-arm64-msvc': [ '1.32.0' ],
1666 silly audit   'lightningcss-win32-x64-msvc': [ '1.32.0' ],
1666 silly audit   '@next/env': [ '16.2.6' ],
1666 silly audit   '@next/swc-darwin-arm64': [ '16.2.6' ],
1666 silly audit   '@next/swc-darwin-x64': [ '16.2.6' ],
1666 silly audit   '@next/swc-linux-arm64-gnu': [ '16.2.6' ],
1666 silly audit   '@next/swc-linux-arm64-musl': [ '16.2.6' ],
1666 silly audit   '@next/swc-linux-x64-gnu': [ '16.2.6' ],
1666 silly audit   '@next/swc-linux-x64-musl': [ '16.2.6' ],
1666 silly audit   '@next/swc-win32-arm64-msvc': [ '16.2.6' ],
1666 silly audit   '@next/swc-win32-x64-msvc': [ '16.2.6' ],
1666 silly audit   '@swc/helpers': [ '0.5.15' ],
1666 silly audit   sharp: [ '0.34.5' ],
1666 silly audit   'styled-jsx': [ '5.1.6' ],
1666 silly audit   nanoid: [ '3.3.12' ],
1666 silly audit   '@date-fns/tz': [ '1.5.0' ],
1666 silly audit   'date-fns-jalali': [ '4.1.0-0' ],
1666 silly audit   scheduler: [ '0.27.0' ],
1666 silly audit   'react-remove-scroll-bar': [ '2.3.8' ],
1666 silly audit   'react-style-singleton': [ '2.2.3' ],
1666 silly audit   'use-callback-ref': [ '1.3.3' ],
1666 silly audit   'use-sidecar': [ '1.1.3' ],
1666 silly audit   'get-nonce': [ '1.0.1' ],
1666 silly audit   eventemitter3: [ '4.0.7' ],
1666 silly audit   lodash: [ '4.18.1' ],
1666 silly audit   'react-is': [ '18.3.1', '16.13.1' ],
1666 silly audit   'react-smooth': [ '4.0.4' ],
1666 silly audit   'recharts-scale': [ '0.4.5' ],
1666 silly audit   'tiny-invariant': [ '1.3.3' ],
1666 silly audit   'victory-vendor': [ '36.9.2' ],
1666 silly audit   'fast-equals': [ '5.4.0' ],
1666 silly audit   'prop-types': [ '15.8.1' ],
1666 silly audit   'react-transition-group': [ '4.4.5' ],
1666 silly audit   'loose-envify': [ '1.4.0' ],
1666 silly audit   'object-assign': [ '4.1.1' ],
1666 silly audit   'js-tokens': [ '4.0.0' ],
1666 silly audit   '@babel/runtime': [ '7.29.7' ],
1666 silly audit   'dom-helpers': [ '5.2.1' ],
1666 silly audit   'decimal.js-light': [ '2.5.1' ],
1666 silly audit   '@img/colour': [ '1.1.0' ],
1666 silly audit   '@img/sharp-darwin-arm64': [ '0.34.5' ],
1666 silly audit   '@img/sharp-darwin-x64': [ '0.34.5' ],
1666 silly audit   '@img/sharp-libvips-darwin-arm64': [ '1.2.4' ],
1666 silly audit   '@img/sharp-libvips-darwin-x64': [ '1.2.4' ],
1666 silly audit   '@img/sharp-libvips-linux-arm': [ '1.2.4' ],
1666 silly audit   '@img/sharp-libvips-linux-arm64': [ '1.2.4' ],
1666 silly audit   '@img/sharp-libvips-linux-ppc64': [ '1.2.4' ],
1666 silly audit   '@img/sharp-libvips-linux-riscv64': [ '1.2.4' ],
1666 silly audit   '@img/sharp-libvips-linux-s390x': [ '1.2.4' ],
1666 silly audit   '@img/sharp-libvips-linux-x64': [ '1.2.4' ],
1666 silly audit   '@img/sharp-libvips-linuxmusl-arm64': [ '1.2.4' ],
1666 silly audit   '@img/sharp-libvips-linuxmusl-x64': [ '1.2.4' ],
1666 silly audit   '@img/sharp-linux-arm': [ '0.34.5' ],
1666 silly audit   '@img/sharp-linux-arm64': [ '0.34.5' ],
1666 silly audit   '@img/sharp-linux-ppc64': [ '0.34.5' ],
1666 silly audit   '@img/sharp-linux-riscv64': [ '0.34.5' ],
1666 silly audit   '@img/sharp-linux-s390x': [ '0.34.5' ],
1666 silly audit   '@img/sharp-linux-x64': [ '0.34.5' ],
1666 silly audit   '@img/sharp-linuxmusl-arm64': [ '0.34.5' ],
1666 silly audit   '@img/sharp-linuxmusl-x64': [ '0.34.5' ],
1666 silly audit   '@img/sharp-wasm32': [ '0.34.5' ],
1666 silly audit   '@img/sharp-win32-arm64': [ '0.34.5' ],
1666 silly audit   '@img/sharp-win32-ia32': [ '0.34.5' ],
1666 silly audit   '@img/sharp-win32-x64': [ '0.34.5' ],
1666 silly audit   semver: [ '7.8.1' ],
1666 silly audit   '@emnapi/runtime': [ '1.10.0' ],
1666 silly audit   'client-only': [ '0.0.1' ],
1666 silly audit   escalade: [ '3.2.0' ],
1666 silly audit   'detect-node-es': [ '1.1.0' ],
1666 silly audit   '@types/d3-array': [ '3.2.2' ],
1666 silly audit   '@types/d3-ease': [ '3.0.2' ],
1666 silly audit   '@types/d3-interpolate': [ '3.0.4' ],
1666 silly audit   '@types/d3-scale': [ '4.0.9' ],
1666 silly audit   '@types/d3-shape': [ '3.1.8' ],
1666 silly audit   '@types/d3-time': [ '3.0.4' ],
1666 silly audit   '@types/d3-timer': [ '3.0.2' ],
1666 silly audit   'd3-array': [ '3.2.4' ],
1666 silly audit   'd3-ease': [ '3.0.1' ],
1666 silly audit   'd3-interpolate': [ '3.0.1' ],
1666 silly audit   'd3-scale': [ '4.0.2' ],
1666 silly audit   'd3-shape': [ '3.2.0' ],
1666 silly audit   'd3-time': [ '3.1.0' ],
1666 silly audit   'd3-timer': [ '3.0.1' ],
1666 silly audit   '@types/d3-color': [ '3.1.3' ],
1666 silly audit   '@types/d3-path': [ '3.1.1' ],
1666 silly audit   internmap: [ '2.0.3' ],
1666 silly audit   'd3-color': [ '3.1.0' ],
1666 silly audit   'd3-format': [ '3.1.2' ],
1666 silly audit   'd3-time-format': [ '4.1.0' ],
1666 silly audit   'd3-path': [ '3.1.0' ],
1666 silly audit   '@tailwindcss/oxide-wasm32-wasi': [ '4.3.0' ]
1666 silly audit }
1667 verbose reify failed optional dependency D:\Project\Reviewly\node_modules\@img\sharp-win32-ia32
1668 silly reify mark deleted [ 'D:\\Project\\Reviewly\\node_modules\\@img\\sharp-win32-ia32' ]
1669 verbose reify failed optional dependency D:\Project\Reviewly\node_modules\@img\sharp-win32-arm64
1670 silly reify mark deleted [ 'D:\\Project\\Reviewly\\node_modules\\@img\\sharp-win32-arm64' ]
1671 verbose reify failed optional dependency D:\Project\Reviewly\node_modules\@img\sharp-wasm32
1672 silly reify mark deleted [ 'D:\\Project\\Reviewly\\node_modules\\@img\\sharp-wasm32' ]
1673 verbose reify failed optional dependency D:\Project\Reviewly\node_modules\@img\sharp-linuxmusl-x64
1674 silly reify mark deleted [ 'D:\\Project\\Reviewly\\node_modules\\@img\\sharp-linuxmusl-x64' ]
1675 verbose reify failed optional dependency D:\Project\Reviewly\node_modules\@img\sharp-linuxmusl-arm64
1676 silly reify mark deleted [ 'D:\\Project\\Reviewly\\node_modules\\@img\\sharp-linuxmusl-arm64' ]
1677 verbose reify failed optional dependency D:\Project\Reviewly\node_modules\@img\sharp-linux-x64
1678 silly reify mark deleted [ 'D:\\Project\\Reviewly\\node_modules\\@img\\sharp-linux-x64' ]
1679 verbose reify failed optional dependency D:\Project\Reviewly\node_modules\@img\sharp-linux-s390x
1680 silly reify mark deleted [ 'D:\\Project\\Reviewly\\node_modules\\@img\\sharp-linux-s390x' ]
1681 verbose reify failed optional dependency D:\Project\Reviewly\node_modules\@img\sharp-linux-riscv64
1682 silly reify mark deleted [ 'D:\\Project\\Reviewly\\node_modules\\@img\\sharp-linux-riscv64' ]
1683 verbose reify failed optional dependency D:\Project\Reviewly\node_modules\@img\sharp-linux-ppc64
1684 silly reify mark deleted [ 'D:\\Project\\Reviewly\\node_modules\\@img\\sharp-linux-ppc64' ]
1685 verbose reify failed optional dependency D:\Project\Reviewly\node_modules\@img\sharp-linux-arm64
1686 silly reify mark deleted [ 'D:\\Project\\Reviewly\\node_modules\\@img\\sharp-linux-arm64' ]
1687 verbose reify failed optional dependency D:\Project\Reviewly\node_modules\@img\sharp-linux-arm
1688 silly reify mark deleted [ 'D:\\Project\\Reviewly\\node_modules\\@img\\sharp-linux-arm' ]
1689 verbose reify failed optional dependency D:\Project\Reviewly\node_modules\@img\sharp-libvips-linuxmusl-x64
1690 silly reify mark deleted [
1690 silly reify   'D:\\Project\\Reviewly\\node_modules\\@img\\sharp-libvips-linuxmusl-x64'
1690 silly reify ]
1691 verbose reify failed optional dependency D:\Project\Reviewly\node_modules\@img\sharp-libvips-linuxmusl-arm64
1692 silly reify mark deleted [
1692 silly reify   'D:\\Project\\Reviewly\\node_modules\\@img\\sharp-libvips-linuxmusl-arm64'
1692 silly reify ]
1693 verbose reify failed optional dependency D:\Project\Reviewly\node_modules\@img\sharp-libvips-linux-x64
1694 silly reify mark deleted [
1694 silly reify   'D:\\Project\\Reviewly\\node_modules\\@img\\sharp-libvips-linux-x64'
1694 silly reify ]
1695 verbose reify failed optional dependency D:\Project\Reviewly\node_modules\@img\sharp-libvips-linux-s390x
1696 silly reify mark deleted [
1696 silly reify   'D:\\Project\\Reviewly\\node_modules\\@img\\sharp-libvips-linux-s390x'
1696 silly reify ]
1697 verbose reify failed optional dependency D:\Project\Reviewly\node_modules\@img\sharp-libvips-linux-riscv64
1698 silly reify mark deleted [
1698 silly reify   'D:\\Project\\Reviewly\\node_modules\\@img\\sharp-libvips-linux-riscv64'
1698 silly reify ]
1699 verbose reify failed optional dependency D:\Project\Reviewly\node_modules\@img\sharp-libvips-linux-ppc64
1700 silly reify mark deleted [
1700 silly reify   'D:\\Project\\Reviewly\\node_modules\\@img\\sharp-libvips-linux-ppc64'
1700 silly reify ]
1701 verbose reify failed optional dependency D:\Project\Reviewly\node_modules\@img\sharp-libvips-linux-arm64
1702 silly reify mark deleted [
1702 silly reify   'D:\\Project\\Reviewly\\node_modules\\@img\\sharp-libvips-linux-arm64'
1702 silly reify ]
1703 verbose reify failed optional dependency D:\Project\Reviewly\node_modules\@img\sharp-libvips-linux-arm
1704 silly reify mark deleted [
1704 silly reify   'D:\\Project\\Reviewly\\node_modules\\@img\\sharp-libvips-linux-arm'
1704 silly reify ]
1705 verbose reify failed optional dependency D:\Project\Reviewly\node_modules\@img\sharp-libvips-darwin-x64
1706 silly reify mark deleted [
1706 silly reify   'D:\\Project\\Reviewly\\node_modules\\@img\\sharp-libvips-darwin-x64'
1706 silly reify ]
1707 verbose reify failed optional dependency D:\Project\Reviewly\node_modules\@img\sharp-libvips-darwin-arm64
1708 silly reify mark deleted [
1708 silly reify   'D:\\Project\\Reviewly\\node_modules\\@img\\sharp-libvips-darwin-arm64'
1708 silly reify ]
1709 verbose reify failed optional dependency D:\Project\Reviewly\node_modules\@img\sharp-darwin-x64
1710 silly reify mark deleted [ 'D:\\Project\\Reviewly\\node_modules\\@img\\sharp-darwin-x64' ]
1711 verbose reify failed optional dependency D:\Project\Reviewly\node_modules\@img\sharp-darwin-arm64
1712 silly reify mark deleted [ 'D:\\Project\\Reviewly\\node_modules\\@img\\sharp-darwin-arm64' ]
1713 verbose reify failed optional dependency D:\Project\Reviewly\node_modules\@next\swc-win32-arm64-msvc
1714 silly reify mark deleted [ 'D:\\Project\\Reviewly\\node_modules\\@next\\swc-win32-arm64-msvc' ]
1715 verbose reify failed optional dependency D:\Project\Reviewly\node_modules\@next\swc-linux-x64-musl
1716 silly reify mark deleted [ 'D:\\Project\\Reviewly\\node_modules\\@next\\swc-linux-x64-musl' ]
1717 verbose reify failed optional dependency D:\Project\Reviewly\node_modules\@next\swc-linux-x64-gnu
1718 silly reify mark deleted [ 'D:\\Project\\Reviewly\\node_modules\\@next\\swc-linux-x64-gnu' ]
1719 verbose reify failed optional dependency D:\Project\Reviewly\node_modules\@next\swc-linux-arm64-musl
1720 silly reify mark deleted [ 'D:\\Project\\Reviewly\\node_modules\\@next\\swc-linux-arm64-musl' ]
1721 verbose reify failed optional dependency D:\Project\Reviewly\node_modules\@next\swc-linux-arm64-gnu
1722 silly reify mark deleted [ 'D:\\Project\\Reviewly\\node_modules\\@next\\swc-linux-arm64-gnu' ]
1723 verbose reify failed optional dependency D:\Project\Reviewly\node_modules\@next\swc-darwin-x64
1724 silly reify mark deleted [ 'D:\\Project\\Reviewly\\node_modules\\@next\\swc-darwin-x64' ]
1725 verbose reify failed optional dependency D:\Project\Reviewly\node_modules\@next\swc-darwin-arm64
1726 silly reify mark deleted [ 'D:\\Project\\Reviewly\\node_modules\\@next\\swc-darwin-arm64' ]
1727 verbose reify failed optional dependency D:\Project\Reviewly\node_modules\lightningcss-win32-arm64-msvc
1728 silly reify mark deleted [
1728 silly reify   'D:\\Project\\Reviewly\\node_modules\\lightningcss-win32-arm64-msvc'
1728 silly reify ]
1729 verbose reify failed optional dependency D:\Project\Reviewly\node_modules\lightningcss-linux-x64-musl
1730 silly reify mark deleted [ 'D:\\Project\\Reviewly\\node_modules\\lightningcss-linux-x64-musl' ]
1731 verbose reify failed optional dependency D:\Project\Reviewly\node_modules\lightningcss-linux-x64-gnu
1732 silly reify mark deleted [ 'D:\\Project\\Reviewly\\node_modules\\lightningcss-linux-x64-gnu' ]
1733 verbose reify failed optional dependency D:\Project\Reviewly\node_modules\lightningcss-linux-arm64-musl
1734 silly reify mark deleted [
1734 silly reify   'D:\\Project\\Reviewly\\node_modules\\lightningcss-linux-arm64-musl'
1734 silly reify ]
1735 verbose reify failed optional dependency D:\Project\Reviewly\node_modules\lightningcss-linux-arm64-gnu
1736 silly reify mark deleted [ 'D:\\Project\\Reviewly\\node_modules\\lightningcss-linux-arm64-gnu' ]
1737 verbose reify failed optional dependency D:\Project\Reviewly\node_modules\lightningcss-linux-arm-gnueabihf
1738 silly reify mark deleted [
1738 silly reify   'D:\\Project\\Reviewly\\node_modules\\lightningcss-linux-arm-gnueabihf'
1738 silly reify ]
1739 verbose reify failed optional dependency D:\Project\Reviewly\node_modules\lightningcss-freebsd-x64
1740 silly reify mark deleted [ 'D:\\Project\\Reviewly\\node_modules\\lightningcss-freebsd-x64' ]
1741 verbose reify failed optional dependency D:\Project\Reviewly\node_modules\lightningcss-darwin-x64
1742 silly reify mark deleted [ 'D:\\Project\\Reviewly\\node_modules\\lightningcss-darwin-x64' ]
1743 verbose reify failed optional dependency D:\Project\Reviewly\node_modules\lightningcss-darwin-arm64
1744 silly reify mark deleted [ 'D:\\Project\\Reviewly\\node_modules\\lightningcss-darwin-arm64' ]
1745 verbose reify failed optional dependency D:\Project\Reviewly\node_modules\lightningcss-android-arm64
1746 silly reify mark deleted [ 'D:\\Project\\Reviewly\\node_modules\\lightningcss-android-arm64' ]
1747 verbose reify failed optional dependency D:\Project\Reviewly\node_modules\@tailwindcss\oxide-win32-arm64-msvc
1748 silly reify mark deleted [
1748 silly reify   'D:\\Project\\Reviewly\\node_modules\\@tailwindcss\\oxide-win32-arm64-msvc'
1748 silly reify ]
1749 verbose reify failed optional dependency D:\Project\Reviewly\node_modules\@tailwindcss\oxide-linux-x64-musl
1750 silly reify mark deleted [
1750 silly reify   'D:\\Project\\Reviewly\\node_modules\\@tailwindcss\\oxide-linux-x64-musl'
1750 silly reify ]
1751 verbose reify failed optional dependency D:\Project\Reviewly\node_modules\@tailwindcss\oxide-linux-x64-gnu
1752 silly reify mark deleted [
1752 silly reify   'D:\\Project\\Reviewly\\node_modules\\@tailwindcss\\oxide-linux-x64-gnu'
1752 silly reify ]
1753 verbose reify failed optional dependency D:\Project\Reviewly\node_modules\@tailwindcss\oxide-linux-arm64-musl
1754 silly reify mark deleted [
1754 silly reify   'D:\\Project\\Reviewly\\node_modules\\@tailwindcss\\oxide-linux-arm64-musl'
1754 silly reify ]
1755 verbose reify failed optional dependency D:\Project\Reviewly\node_modules\@tailwindcss\oxide-linux-arm64-gnu
1756 silly reify mark deleted [
1756 silly reify   'D:\\Project\\Reviewly\\node_modules\\@tailwindcss\\oxide-linux-arm64-gnu'
1756 silly reify ]
1757 verbose reify failed optional dependency D:\Project\Reviewly\node_modules\@tailwindcss\oxide-linux-arm-gnueabihf
1758 silly reify mark deleted [
1758 silly reify   'D:\\Project\\Reviewly\\node_modules\\@tailwindcss\\oxide-linux-arm-gnueabihf'
1758 silly reify ]
1759 verbose reify failed optional dependency D:\Project\Reviewly\node_modules\@tailwindcss\oxide-freebsd-x64
1760 silly reify mark deleted [
1760 silly reify   'D:\\Project\\Reviewly\\node_modules\\@tailwindcss\\oxide-freebsd-x64'
1760 silly reify ]
1761 verbose reify failed optional dependency D:\Project\Reviewly\node_modules\@tailwindcss\oxide-darwin-x64
1762 silly reify mark deleted [
1762 silly reify   'D:\\Project\\Reviewly\\node_modules\\@tailwindcss\\oxide-darwin-x64'
1762 silly reify ]
1763 verbose reify failed optional dependency D:\Project\Reviewly\node_modules\@tailwindcss\oxide-darwin-arm64
1764 silly reify mark deleted [
1764 silly reify   'D:\\Project\\Reviewly\\node_modules\\@tailwindcss\\oxide-darwin-arm64'
1764 silly reify ]
1765 verbose reify failed optional dependency D:\Project\Reviewly\node_modules\@tailwindcss\oxide-android-arm64
1766 silly reify mark deleted [
1766 silly reify   'D:\\Project\\Reviewly\\node_modules\\@tailwindcss\\oxide-android-arm64'
1766 silly reify ]
1767 http cache d3-path@https://registry.npmjs.org/d3-path/-/d3-path-3.1.0.tgz 0ms (cache hit)
1768 http cache @types/d3-color@https://registry.npmjs.org/@types/d3-color/-/d3-color-3.1.3.tgz 0ms (cache hit)
1769 http cache @types/d3-path@https://registry.npmjs.org/@types/d3-path/-/d3-path-3.1.1.tgz 0ms (cache hit)
1770 http cache d3-time-format@https://registry.npmjs.org/d3-time-format/-/d3-time-format-4.1.0.tgz 0ms (cache hit)
1771 http cache d3-format@https://registry.npmjs.org/d3-format/-/d3-format-3.1.2.tgz 0ms (cache hit)
1772 http cache d3-timer@https://registry.npmjs.org/d3-timer/-/d3-timer-3.0.1.tgz 0ms (cache hit)
1773 http cache d3-color@https://registry.npmjs.org/d3-color/-/d3-color-3.1.0.tgz 0ms (cache hit)
1774 http cache internmap@https://registry.npmjs.org/internmap/-/internmap-2.0.3.tgz 0ms (cache hit)
1775 http cache d3-time@https://registry.npmjs.org/d3-time/-/d3-time-3.1.0.tgz 0ms (cache hit)
1776 http cache d3-scale@https://registry.npmjs.org/d3-scale/-/d3-scale-4.0.2.tgz 0ms (cache hit)
1777 http cache d3-shape@https://registry.npmjs.org/d3-shape/-/d3-shape-3.2.0.tgz 0ms (cache hit)
1778 http cache d3-interpolate@https://registry.npmjs.org/d3-interpolate/-/d3-interpolate-3.0.1.tgz 0ms (cache hit)
1779 http cache d3-ease@https://registry.npmjs.org/d3-ease/-/d3-ease-3.0.1.tgz 0ms (cache hit)
1780 http cache d3-array@https://registry.npmjs.org/d3-array/-/d3-array-3.2.4.tgz 0ms (cache hit)
1781 http cache @types/d3-time@https://registry.npmjs.org/@types/d3-time/-/d3-time-3.0.4.tgz 0ms (cache hit)
1782 http cache @types/d3-timer@https://registry.npmjs.org/@types/d3-timer/-/d3-timer-3.0.2.tgz 0ms (cache hit)
1783 http cache @types/d3-scale@https://registry.npmjs.org/@types/d3-scale/-/d3-scale-4.0.9.tgz 0ms (cache hit)
1784 http cache @types/d3-interpolate@https://registry.npmjs.org/@types/d3-interpolate/-/d3-interpolate-3.0.4.tgz 0ms (cache hit)
1785 http cache @types/d3-ease@https://registry.npmjs.org/@types/d3-ease/-/d3-ease-3.0.2.tgz 0ms (cache hit)
1786 http cache @types/d3-shape@https://registry.npmjs.org/@types/d3-shape/-/d3-shape-3.1.8.tgz 0ms (cache hit)
1787 http cache @types/d3-array@https://registry.npmjs.org/@types/d3-array/-/d3-array-3.2.2.tgz 0ms (cache hit)
1788 http cache detect-node-es@https://registry.npmjs.org/detect-node-es/-/detect-node-es-1.1.0.tgz 0ms (cache hit)
1789 http cache client-only@https://registry.npmjs.org/client-only/-/client-only-0.0.1.tgz 0ms (cache hit)
1790 http cache @emnapi/runtime@https://registry.npmjs.org/@emnapi/runtime/-/runtime-1.10.0.tgz 0ms (cache hit)
1791 http cache @img/sharp-win32-x64@https://registry.npmjs.org/@img/sharp-win32-x64/-/sharp-win32-x64-0.34.5.tgz 0ms (cache hit)
1792 http cache @img/colour@https://registry.npmjs.org/@img/colour/-/colour-1.1.0.tgz 0ms (cache hit)
1793 http cache semver@https://registry.npmjs.org/semver/-/semver-7.8.1.tgz 0ms (cache hit)
1794 http cache escalade@https://registry.npmjs.org/escalade/-/escalade-3.2.0.tgz 0ms (cache hit)
1795 http cache @babel/runtime@https://registry.npmjs.org/@babel/runtime/-/runtime-7.29.7.tgz 0ms (cache hit)
1796 http cache js-tokens@https://registry.npmjs.org/js-tokens/-/js-tokens-4.0.0.tgz 0ms (cache hit)
1797 http cache decimal.js-light@https://registry.npmjs.org/decimal.js-light/-/decimal.js-light-2.5.1.tgz 0ms (cache hit)
1798 http cache dom-helpers@https://registry.npmjs.org/dom-helpers/-/dom-helpers-5.2.1.tgz 0ms (cache hit)
1799 http cache object-assign@https://registry.npmjs.org/object-assign/-/object-assign-4.1.1.tgz 0ms (cache hit)
1800 http cache loose-envify@https://registry.npmjs.org/loose-envify/-/loose-envify-1.4.0.tgz 0ms (cache hit)
1801 http cache victory-vendor@https://registry.npmjs.org/victory-vendor/-/victory-vendor-36.9.2.tgz 0ms (cache hit)
1802 http cache react-transition-group@https://registry.npmjs.org/react-transition-group/-/react-transition-group-4.4.5.tgz 0ms (cache hit)
1803 http cache fast-equals@https://registry.npmjs.org/fast-equals/-/fast-equals-5.4.0.tgz 0ms (cache hit)
1804 http cache prop-types@https://registry.npmjs.org/prop-types/-/prop-types-15.8.1.tgz 0ms (cache hit)
1805 http cache tiny-invariant@https://registry.npmjs.org/tiny-invariant/-/tiny-invariant-1.3.3.tgz 0ms (cache hit)
1806 http cache react-smooth@https://registry.npmjs.org/react-smooth/-/react-smooth-4.0.4.tgz 0ms (cache hit)
1807 http cache react-is@https://registry.npmjs.org/react-is/-/react-is-18.3.1.tgz 0ms (cache hit)
1808 http cache eventemitter3@https://registry.npmjs.org/eventemitter3/-/eventemitter3-4.0.7.tgz 0ms (cache hit)
1809 http cache recharts-scale@https://registry.npmjs.org/recharts-scale/-/recharts-scale-0.4.5.tgz 0ms (cache hit)
1810 http cache get-nonce@https://registry.npmjs.org/get-nonce/-/get-nonce-1.0.1.tgz 0ms (cache hit)
1811 http cache lodash@https://registry.npmjs.org/lodash/-/lodash-4.18.1.tgz 0ms (cache hit)
1812 http cache use-callback-ref@https://registry.npmjs.org/use-callback-ref/-/use-callback-ref-1.3.3.tgz 0ms (cache hit)
1813 http cache react-remove-scroll-bar@https://registry.npmjs.org/react-remove-scroll-bar/-/react-remove-scroll-bar-2.3.8.tgz 0ms (cache hit)
1814 http cache react-style-singleton@https://registry.npmjs.org/react-style-singleton/-/react-style-singleton-2.2.3.tgz 0ms (cache hit)
1815 http cache scheduler@https://registry.npmjs.org/scheduler/-/scheduler-0.27.0.tgz 0ms (cache hit)
1816 http cache @swc/helpers@https://registry.npmjs.org/@swc/helpers/-/helpers-0.5.15.tgz 0ms (cache hit)
1817 http cache @date-fns/tz@https://registry.npmjs.org/@date-fns/tz/-/tz-1.5.0.tgz 0ms (cache hit)
1818 http cache date-fns-jalali@https://registry.npmjs.org/date-fns-jalali/-/date-fns-jalali-4.1.0-0.tgz 0ms (cache hit)
1819 http cache use-sidecar@https://registry.npmjs.org/use-sidecar/-/use-sidecar-1.1.3.tgz 0ms (cache hit)
1820 http cache nanoid@https://registry.npmjs.org/nanoid/-/nanoid-3.3.12.tgz 0ms (cache hit)
1821 http cache @next/swc-win32-x64-msvc@https://registry.npmjs.org/@next/swc-win32-x64-msvc/-/swc-win32-x64-msvc-16.2.6.tgz 0ms (cache hit)
1822 http cache styled-jsx@https://registry.npmjs.org/styled-jsx/-/styled-jsx-5.1.6.tgz 0ms (cache hit)
1823 http cache detect-libc@https://registry.npmjs.org/detect-libc/-/detect-libc-2.1.2.tgz 0ms (cache hit)
1824 http cache motion-dom@https://registry.npmjs.org/motion-dom/-/motion-dom-12.40.0.tgz 0ms (cache hit)
1825 http cache lightningcss-win32-x64-msvc@https://registry.npmjs.org/lightningcss-win32-x64-msvc/-/lightningcss-win32-x64-msvc-1.32.0.tgz 0ms (cache hit)
1826 http cache @next/env@https://registry.npmjs.org/@next/env/-/env-16.2.6.tgz 0ms (cache hit)
1827 http cache sharp@https://registry.npmjs.org/sharp/-/sharp-0.34.5.tgz 0ms (cache hit)
1828 http cache graceful-fs@https://registry.npmjs.org/graceful-fs/-/graceful-fs-4.2.11.tgz 0ms (cache hit)
1829 http cache tapable@https://registry.npmjs.org/tapable/-/tapable-2.3.3.tgz 0ms (cache hit)
1830 http cache embla-carousel@https://registry.npmjs.org/embla-carousel/-/embla-carousel-8.6.0.tgz 0ms (cache hit)
1831 http cache motion-utils@https://registry.npmjs.org/motion-utils/-/motion-utils-12.39.0.tgz 0ms (cache hit)
1832 http cache embla-carousel-reactive-utils@https://registry.npmjs.org/embla-carousel-reactive-utils/-/embla-carousel-reactive-utils-8.6.0.tgz 0ms (cache hit)
1833 http cache update-browserslist-db@https://registry.npmjs.org/update-browserslist-db/-/update-browserslist-db-1.2.3.tgz 0ms (cache hit)
1834 http cache baseline-browser-mapping@https://registry.npmjs.org/baseline-browser-mapping/-/baseline-browser-mapping-2.10.32.tgz 0ms (cache hit)
1835 http cache node-releases@https://registry.npmjs.org/node-releases/-/node-releases-2.0.46.tgz 0ms (cache hit)
1836 http cache postcss-value-parser@https://registry.npmjs.org/postcss-value-parser/-/postcss-value-parser-4.2.0.tgz 0ms (cache hit)
1837 http cache electron-to-chromium@https://registry.npmjs.org/electron-to-chromium/-/electron-to-chromium-1.5.364.tgz 0ms (cache hit)
1838 http cache picocolors@https://registry.npmjs.org/picocolors/-/picocolors-1.1.1.tgz 0ms (cache hit)
1839 http cache fraction.js@https://registry.npmjs.org/fraction.js/-/fraction.js-5.3.4.tgz 0ms (cache hit)
1840 http cache @tailwindcss/oxide-win32-x64-msvc@https://registry.npmjs.org/@tailwindcss/oxide-win32-x64-msvc/-/oxide-win32-x64-msvc-4.3.0.tgz 0ms (cache hit)
1841 http cache tslib@https://registry.npmjs.org/tslib/-/tslib-2.8.1.tgz 0ms (cache hit)
1842 http cache browserslist@https://registry.npmjs.org/browserslist/-/browserslist-4.28.2.tgz 0ms (cache hit)
1843 http cache @jridgewell/sourcemap-codec@https://registry.npmjs.org/@jridgewell/sourcemap-codec/-/sourcemap-codec-1.5.5.tgz 0ms (cache hit)
1844 http cache undici-types@https://registry.npmjs.org/undici-types/-/undici-types-6.21.0.tgz 0ms (cache hit)
1845 http cache csstype@https://registry.npmjs.org/csstype/-/csstype-3.2.3.tgz 0ms (cache hit)
1846 http cache caniuse-lite@https://registry.npmjs.org/caniuse-lite/-/caniuse-lite-1.0.30001793.tgz 0ms (cache hit)
1847 http cache source-map-js@https://registry.npmjs.org/source-map-js/-/source-map-js-1.2.1.tgz 0ms (cache hit)
1848 http cache @jridgewell/resolve-uri@https://registry.npmjs.org/@jridgewell/resolve-uri/-/resolve-uri-3.1.2.tgz 0ms (cache hit)
1849 http cache @jridgewell/trace-mapping@https://registry.npmjs.org/@jridgewell/trace-mapping/-/trace-mapping-0.3.31.tgz 0ms (cache hit)
1850 http cache @jridgewell/gen-mapping@https://registry.npmjs.org/@jridgewell/gen-mapping/-/gen-mapping-0.3.13.tgz 0ms (cache hit)
1851 http cache @tailwindcss/oxide@https://registry.npmjs.org/@tailwindcss/oxide/-/oxide-4.3.0.tgz 0ms (cache hit)
1852 http cache jiti@https://registry.npmjs.org/jiti/-/jiti-2.7.0.tgz 0ms (cache hit)
1853 http cache magic-string@https://registry.npmjs.org/magic-string/-/magic-string-0.30.21.tgz 0ms (cache hit)
1854 http cache @jridgewell/remapping@https://registry.npmjs.org/@jridgewell/remapping/-/remapping-2.3.5.tgz 0ms (cache hit)
1855 http cache @tailwindcss/node@https://registry.npmjs.org/@tailwindcss/node/-/node-4.3.0.tgz 0ms (cache hit)
1856 http cache @alloc/quick-lru@https://registry.npmjs.org/@alloc/quick-lru/-/quick-lru-5.2.0.tgz 0ms (cache hit)
1857 http cache @radix-ui/react-use-effect-event@https://registry.npmjs.org/@radix-ui/react-use-effect-event/-/react-use-effect-event-0.0.2.tgz 0ms (cache hit)
1858 http cache enhanced-resolve@https://registry.npmjs.org/enhanced-resolve/-/enhanced-resolve-5.22.1.tgz 0ms (cache hit)
1859 http cache @radix-ui/number@https://registry.npmjs.org/@radix-ui/number/-/number-1.1.1.tgz 0ms (cache hit)
1860 http cache use-sync-external-store@https://registry.npmjs.org/use-sync-external-store/-/use-sync-external-store-1.6.0.tgz 0ms (cache hit)
1861 http cache lightningcss@https://registry.npmjs.org/lightningcss/-/lightningcss-1.32.0.tgz 0ms (cache hit)
1862 http cache @floating-ui/utils@https://registry.npmjs.org/@floating-ui/utils/-/utils-0.2.11.tgz 0ms (cache hit)
1863 http cache @radix-ui/rect@https://registry.npmjs.org/@radix-ui/rect/-/rect-1.1.1.tgz 0ms (cache hit)
1864 http cache @floating-ui/dom@https://registry.npmjs.org/@floating-ui/dom/-/dom-1.7.6.tgz 0ms (cache hit)
1865 http cache @radix-ui/react-arrow@https://registry.npmjs.org/@radix-ui/react-arrow/-/react-arrow-1.1.7.tgz 0ms (cache hit)
1866 http cache @floating-ui/core@https://registry.npmjs.org/@floating-ui/core/-/core-1.7.5.tgz 0ms (cache hit)
1867 http cache @radix-ui/react-use-rect@https://registry.npmjs.org/@radix-ui/react-use-rect/-/react-use-rect-1.1.1.tgz 0ms (cache hit)
1868 http cache @floating-ui/react-dom@https://registry.npmjs.org/@floating-ui/react-dom/-/react-dom-2.1.8.tgz 0ms (cache hit)
1869 http cache @radix-ui/react-visually-hidden@https://registry.npmjs.org/@radix-ui/react-visually-hidden/-/react-visually-hidden-1.2.3.tgz 0ms (cache hit)
1870 http cache @radix-ui/react-use-escape-keydown@https://registry.npmjs.org/@radix-ui/react-use-escape-keydown/-/react-use-escape-keydown-1.1.1.tgz 0ms (cache hit)
1871 http cache react-remove-scroll@https://registry.npmjs.org/react-remove-scroll/-/react-remove-scroll-2.7.2.tgz 0ms (cache hit)
1872 http cache @radix-ui/react-roving-focus@https://registry.npmjs.org/@radix-ui/react-roving-focus/-/react-roving-focus-1.1.11.tgz 0ms (cache hit)
1873 http cache aria-hidden@https://registry.npmjs.org/aria-hidden/-/aria-hidden-1.2.6.tgz 0ms (cache hit)
1874 http cache @radix-ui/react-focus-scope@https://registry.npmjs.org/@radix-ui/react-focus-scope/-/react-focus-scope-1.1.7.tgz 0ms (cache hit)
1875 http cache @radix-ui/react-focus-guards@https://registry.npmjs.org/@radix-ui/react-focus-guards/-/react-focus-guards-1.1.3.tgz 0ms (cache hit)
1876 http cache @radix-ui/react-portal@https://registry.npmjs.org/@radix-ui/react-portal/-/react-portal-1.1.9.tgz 0ms (cache hit)
1877 http cache @radix-ui/react-dismissable-layer@https://registry.npmjs.org/@radix-ui/react-dismissable-layer/-/react-dismissable-layer-1.1.11.tgz 0ms (cache hit)
1878 http cache @radix-ui/react-popper@https://registry.npmjs.org/@radix-ui/react-popper/-/react-popper-1.2.8.tgz 0ms (cache hit)
1879 http cache @radix-ui/react-use-size@https://registry.npmjs.org/@radix-ui/react-use-size/-/react-use-size-1.1.1.tgz 0ms (cache hit)
1880 http cache @radix-ui/react-use-layout-effect@https://registry.npmjs.org/@radix-ui/react-use-layout-effect/-/react-use-layout-effect-1.1.1.tgz 0ms (cache hit)
1881 http cache @radix-ui/react-use-is-hydrated@https://registry.npmjs.org/@radix-ui/react-use-is-hydrated/-/react-use-is-hydrated-0.1.0.tgz 0ms (cache hit)
1882 http cache @radix-ui/react-presence@https://registry.npmjs.org/@radix-ui/react-presence/-/react-presence-1.1.5.tgz 0ms (cache hit)
1883 http cache @radix-ui/react-use-callback-ref@https://registry.npmjs.org/@radix-ui/react-use-callback-ref/-/react-use-callback-ref-1.1.1.tgz 0ms (cache hit)
1884 http cache @radix-ui/react-use-previous@https://registry.npmjs.org/@radix-ui/react-use-previous/-/react-use-previous-1.1.1.tgz 0ms (cache hit)
1885 http cache @radix-ui/react-menu@https://registry.npmjs.org/@radix-ui/react-menu/-/react-menu-2.1.16.tgz 0ms (cache hit)
1886 http cache @radix-ui/react-use-controllable-state@https://registry.npmjs.org/@radix-ui/react-use-controllable-state/-/react-use-controllable-state-1.2.2.tgz 0ms (cache hit)
1887 http cache @radix-ui/react-id@https://registry.npmjs.org/@radix-ui/react-id/-/react-id-1.1.1.tgz 0ms (cache hit)
1888 http cache @radix-ui/react-direction@https://registry.npmjs.org/@radix-ui/react-direction/-/react-direction-1.1.1.tgz 0ms (cache hit)
1889 http cache @radix-ui/react-primitive@https://registry.npmjs.org/@radix-ui/react-primitive/-/react-primitive-2.1.3.tgz 0ms (cache hit)
1890 http cache vaul@https://registry.npmjs.org/vaul/-/vaul-1.1.2.tgz 0ms (cache hit)
1891 http cache @radix-ui/react-context@https://registry.npmjs.org/@radix-ui/react-context/-/react-context-1.1.2.tgz 0ms (cache hit)
1892 http cache zod@https://registry.npmjs.org/zod/-/zod-3.25.76.tgz 0ms (cache hit)
1893 http cache @radix-ui/react-compose-refs@https://registry.npmjs.org/@radix-ui/react-compose-refs/-/react-compose-refs-1.1.2.tgz 0ms (cache hit)
1894 http cache @radix-ui/react-collection@https://registry.npmjs.org/@radix-ui/react-collection/-/react-collection-1.1.7.tgz 0ms (cache hit)
1895 http cache tw-animate-css@https://registry.npmjs.org/tw-animate-css/-/tw-animate-css-1.3.3.tgz 0ms (cache hit)
1896 http cache typescript@https://registry.npmjs.org/typescript/-/typescript-5.7.3.tgz 0ms (cache hit)
1897 http cache @radix-ui/primitive@https://registry.npmjs.org/@radix-ui/primitive/-/primitive-1.1.3.tgz 0ms (cache hit)
1898 http cache tailwindcss@https://registry.npmjs.org/tailwindcss/-/tailwindcss-4.3.0.tgz 0ms (cache hit)
1899 http cache tailwind-merge@https://registry.npmjs.org/tailwind-merge/-/tailwind-merge-3.6.0.tgz 0ms (cache hit)
1900 http cache sonner@https://registry.npmjs.org/sonner/-/sonner-1.7.4.tgz 0ms (cache hit)
1901 http cache recharts@https://registry.npmjs.org/recharts/-/recharts-2.15.0.tgz 0ms (cache hit)
1902 http cache react-day-picker@https://registry.npmjs.org/react-day-picker/-/react-day-picker-9.13.2.tgz 0ms (cache hit)
1903 http cache react-resizable-panels@https://registry.npmjs.org/react-resizable-panels/-/react-resizable-panels-2.1.9.tgz 0ms (cache hit)
1904 http cache next-themes@https://registry.npmjs.org/next-themes/-/next-themes-0.4.6.tgz 0ms (cache hit)
1905 http cache next@https://registry.npmjs.org/next/-/next-16.2.6.tgz 0ms (cache hit)
1906 http cache input-otp@https://registry.npmjs.org/input-otp/-/input-otp-1.4.2.tgz 0ms (cache hit)
1907 http cache framer-motion@https://registry.npmjs.org/framer-motion/-/framer-motion-12.40.0.tgz 0ms (cache hit)
1908 http cache embla-carousel-react@https://registry.npmjs.org/embla-carousel-react/-/embla-carousel-react-8.6.0.tgz 0ms (cache hit)
1909 http cache date-fns@https://registry.npmjs.org/date-fns/-/date-fns-4.1.0.tgz 0ms (cache hit)
1910 http cache cmdk@https://registry.npmjs.org/cmdk/-/cmdk-1.1.1.tgz 0ms (cache hit)
1911 http cache class-variance-authority@https://registry.npmjs.org/class-variance-authority/-/class-variance-authority-0.7.1.tgz 0ms (cache hit)
1912 http cache clsx@https://registry.npmjs.org/clsx/-/clsx-2.1.1.tgz 0ms (cache hit)
1913 http cache autoprefixer@https://registry.npmjs.org/autoprefixer/-/autoprefixer-10.5.0.tgz 0ms (cache hit)
1914 http cache postcss@https://registry.npmjs.org/postcss/-/postcss-8.5.15.tgz 0ms (cache hit)
1915 http cache lucide-react@https://registry.npmjs.org/lucide-react/-/lucide-react-0.564.0.tgz 0ms (cache hit)
1916 http cache @vercel/analytics@https://registry.npmjs.org/@vercel/analytics/-/analytics-1.6.1.tgz 0ms (cache hit)
1917 http cache @tailwindcss/postcss@https://registry.npmjs.org/@tailwindcss/postcss/-/postcss-4.3.0.tgz 0ms (cache hit)
1918 http cache @types/node@https://registry.npmjs.org/@types/node/-/node-22.19.19.tgz 0ms (cache hit)
1919 http cache @types/react-dom@https://registry.npmjs.org/@types/react-dom/-/react-dom-19.2.3.tgz 0ms (cache hit)
1920 http cache @types/react@https://registry.npmjs.org/@types/react/-/react-19.2.15.tgz 0ms (cache hit)
1921 http cache @radix-ui/react-tooltip@https://registry.npmjs.org/@radix-ui/react-tooltip/-/react-tooltip-1.2.8.tgz 0ms (cache hit)
1922 http cache @radix-ui/react-toggle-group@https://registry.npmjs.org/@radix-ui/react-toggle-group/-/react-toggle-group-1.1.11.tgz 0ms (cache hit)
1923 http cache @radix-ui/react-switch@https://registry.npmjs.org/@radix-ui/react-switch/-/react-switch-1.2.6.tgz 0ms (cache hit)
1924 http cache @radix-ui/react-slot@https://registry.npmjs.org/@radix-ui/react-slot/-/react-slot-1.2.4.tgz 0ms (cache hit)
1925 http cache @radix-ui/react-toast@https://registry.npmjs.org/@radix-ui/react-toast/-/react-toast-1.2.15.tgz 0ms (cache hit)
1926 http cache @radix-ui/react-slider@https://registry.npmjs.org/@radix-ui/react-slider/-/react-slider-1.3.6.tgz 0ms (cache hit)
1927 http cache @radix-ui/react-separator@https://registry.npmjs.org/@radix-ui/react-separator/-/react-separator-1.1.8.tgz 0ms (cache hit)
1928 http cache @radix-ui/react-toggle@https://registry.npmjs.org/@radix-ui/react-toggle/-/react-toggle-1.1.10.tgz 0ms (cache hit)
1929 http cache @radix-ui/react-select@https://registry.npmjs.org/@radix-ui/react-select/-/react-select-2.2.6.tgz 0ms (cache hit)
1930 http cache @radix-ui/react-tabs@https://registry.npmjs.org/@radix-ui/react-tabs/-/react-tabs-1.1.13.tgz 0ms (cache hit)
1931 http cache @radix-ui/react-scroll-area@https://registry.npmjs.org/@radix-ui/react-scroll-area/-/react-scroll-area-1.2.10.tgz 0ms (cache hit)
1932 http cache @radix-ui/react-navigation-menu@https://registry.npmjs.org/@radix-ui/react-navigation-menu/-/react-navigation-menu-1.2.14.tgz 0ms (cache hit)
1933 http cache @radix-ui/react-radio-group@https://registry.npmjs.org/@radix-ui/react-radio-group/-/react-radio-group-1.3.8.tgz 0ms (cache hit)
1934 http cache @radix-ui/react-progress@https://registry.npmjs.org/@radix-ui/react-progress/-/react-progress-1.1.8.tgz 0ms (cache hit)
1935 http cache @radix-ui/react-menubar@https://registry.npmjs.org/@radix-ui/react-menubar/-/react-menubar-1.1.16.tgz 0ms (cache hit)
1936 http cache @radix-ui/react-popover@https://registry.npmjs.org/@radix-ui/react-popover/-/react-popover-1.1.15.tgz 0ms (cache hit)
1937 http cache @radix-ui/react-hover-card@https://registry.npmjs.org/@radix-ui/react-hover-card/-/react-hover-card-1.1.15.tgz 0ms (cache hit)
1938 http cache @radix-ui/react-label@https://registry.npmjs.org/@radix-ui/react-label/-/react-label-2.1.8.tgz 0ms (cache hit)
1939 http cache @radix-ui/react-collapsible@https://registry.npmjs.org/@radix-ui/react-collapsible/-/react-collapsible-1.1.12.tgz 0ms (cache hit)
1940 http cache @radix-ui/react-dropdown-menu@https://registry.npmjs.org/@radix-ui/react-dropdown-menu/-/react-dropdown-menu-2.1.16.tgz 0ms (cache hit)
1941 http cache @radix-ui/react-avatar@https://registry.npmjs.org/@radix-ui/react-avatar/-/react-avatar-1.1.11.tgz 0ms (cache hit)
1942 http cache @radix-ui/react-checkbox@https://registry.npmjs.org/@radix-ui/react-checkbox/-/react-checkbox-1.3.3.tgz 0ms (cache hit)
1943 http cache @radix-ui/react-dialog@https://registry.npmjs.org/@radix-ui/react-dialog/-/react-dialog-1.1.15.tgz 0ms (cache hit)
1944 http cache react-dom@https://registry.npmjs.org/react-dom/-/react-dom-19.2.6.tgz 0ms (cache hit)
1945 http cache @radix-ui/react-aspect-ratio@https://registry.npmjs.org/@radix-ui/react-aspect-ratio/-/react-aspect-ratio-1.1.8.tgz 0ms (cache hit)
1946 http cache @radix-ui/react-context-menu@https://registry.npmjs.org/@radix-ui/react-context-menu/-/react-context-menu-2.2.16.tgz 0ms (cache hit)
1947 http cache react@https://registry.npmjs.org/react/-/react-19.2.6.tgz 0ms (cache hit)
1948 http cache @radix-ui/react-alert-dialog@https://registry.npmjs.org/@radix-ui/react-alert-dialog/-/react-alert-dialog-1.1.15.tgz 0ms (cache hit)
1949 http cache react-hook-form@https://registry.npmjs.org/react-hook-form/-/react-hook-form-7.76.1.tgz 0ms (cache hit)
1950 http cache @radix-ui/react-accordion@https://registry.npmjs.org/@radix-ui/react-accordion/-/react-accordion-1.2.12.tgz 0ms (cache hit)
1951 http cache @radix-ui/react-slot@https://registry.npmjs.org/@radix-ui/react-slot/-/react-slot-1.2.3.tgz 0ms (cache hit)
1952 http cache react-is@https://registry.npmjs.org/react-is/-/react-is-16.13.1.tgz 0ms (cache hit)
1953 http cache @hookform/resolvers@https://registry.npmjs.org/@hookform/resolvers/-/resolvers-3.10.0.tgz 0ms (cache hit)
1954 http cache @radix-ui/react-slot@https://registry.npmjs.org/@radix-ui/react-slot/-/react-slot-1.2.3.tgz 0ms (cache hit)
1955 http cache postcss@https://registry.npmjs.org/postcss/-/postcss-8.4.31.tgz 0ms (cache hit)
1956 http cache @radix-ui/react-slot@https://registry.npmjs.org/@radix-ui/react-slot/-/react-slot-1.2.3.tgz 0ms (cache hit)
1957 http cache @radix-ui/react-slot@https://registry.npmjs.org/@radix-ui/react-slot/-/react-slot-1.2.3.tgz 0ms (cache hit)
1958 http cache @radix-ui/react-slot@https://registry.npmjs.org/@radix-ui/react-slot/-/react-slot-1.2.3.tgz 0ms (cache hit)
1959 http cache @radix-ui/react-primitive@https://registry.npmjs.org/@radix-ui/react-primitive/-/react-primitive-2.1.4.tgz 0ms (cache hit)
1960 http cache @radix-ui/react-primitive@https://registry.npmjs.org/@radix-ui/react-primitive/-/react-primitive-2.1.4.tgz 0ms (cache hit)
1961 http cache @radix-ui/react-slot@https://registry.npmjs.org/@radix-ui/react-slot/-/react-slot-1.2.3.tgz 0ms (cache hit)
1962 http cache @radix-ui/react-primitive@https://registry.npmjs.org/@radix-ui/react-primitive/-/react-primitive-2.1.4.tgz 0ms (cache hit)
1963 http cache @radix-ui/react-context@https://registry.npmjs.org/@radix-ui/react-context/-/react-context-1.1.3.tgz 0ms (cache hit)
1964 http cache @radix-ui/react-slot@https://registry.npmjs.org/@radix-ui/react-slot/-/react-slot-1.2.3.tgz 0ms (cache hit)
1965 http cache @radix-ui/react-context@https://registry.npmjs.org/@radix-ui/react-context/-/react-context-1.1.3.tgz 0ms (cache hit)
1966 http cache @radix-ui/react-primitive@https://registry.npmjs.org/@radix-ui/react-primitive/-/react-primitive-2.1.4.tgz 0ms (cache hit)
1967 http cache @radix-ui/react-primitive@https://registry.npmjs.org/@radix-ui/react-primitive/-/react-primitive-2.1.4.tgz 0ms (cache hit)
1968 silly tarball no local data for d3-path@https://registry.npmjs.org/d3-path/-/d3-path-3.1.0.tgz. Extracting by manifest.
1969 silly tarball no local data for @types/d3-color@https://registry.npmjs.org/@types/d3-color/-/d3-color-3.1.3.tgz. Extracting by manifest.
1970 silly tarball no local data for @types/d3-path@https://registry.npmjs.org/@types/d3-path/-/d3-path-3.1.1.tgz. Extracting by manifest.
1971 silly tarball no local data for d3-time-format@https://registry.npmjs.org/d3-time-format/-/d3-time-format-4.1.0.tgz. Extracting by manifest.
1972 silly tarball no local data for d3-format@https://registry.npmjs.org/d3-format/-/d3-format-3.1.2.tgz. Extracting by manifest.
1973 silly tarball no local data for d3-timer@https://registry.npmjs.org/d3-timer/-/d3-timer-3.0.1.tgz. Extracting by manifest.
1974 silly tarball no local data for d3-color@https://registry.npmjs.org/d3-color/-/d3-color-3.1.0.tgz. Extracting by manifest.
1975 http cache @radix-ui/react-slot@https://registry.npmjs.org/@radix-ui/react-slot/-/react-slot-1.2.3.tgz 0ms (cache hit)
1976 silly tarball no local data for internmap@https://registry.npmjs.org/internmap/-/internmap-2.0.3.tgz. Extracting by manifest.
1977 silly tarball no local data for d3-time@https://registry.npmjs.org/d3-time/-/d3-time-3.1.0.tgz. Extracting by manifest.
1978 silly tarball no local data for d3-scale@https://registry.npmjs.org/d3-scale/-/d3-scale-4.0.2.tgz. Extracting by manifest.
1979 silly tarball no local data for d3-shape@https://registry.npmjs.org/d3-shape/-/d3-shape-3.2.0.tgz. Extracting by manifest.
1980 silly tarball no local data for d3-interpolate@https://registry.npmjs.org/d3-interpolate/-/d3-interpolate-3.0.1.tgz. Extracting by manifest.
1981 silly tarball no local data for d3-ease@https://registry.npmjs.org/d3-ease/-/d3-ease-3.0.1.tgz. Extracting by manifest.
1982 silly tarball no local data for d3-array@https://registry.npmjs.org/d3-array/-/d3-array-3.2.4.tgz. Extracting by manifest.
1983 silly tarball no local data for @types/d3-time@https://registry.npmjs.org/@types/d3-time/-/d3-time-3.0.4.tgz. Extracting by manifest.
1984 silly tarball no local data for @types/d3-timer@https://registry.npmjs.org/@types/d3-timer/-/d3-timer-3.0.2.tgz. Extracting by manifest.
1985 silly tarball no local data for @types/d3-scale@https://registry.npmjs.org/@types/d3-scale/-/d3-scale-4.0.9.tgz. Extracting by manifest.
1986 silly tarball no local data for @types/d3-interpolate@https://registry.npmjs.org/@types/d3-interpolate/-/d3-interpolate-3.0.4.tgz. Extracting by manifest.
1987 silly tarball no local data for @types/d3-ease@https://registry.npmjs.org/@types/d3-ease/-/d3-ease-3.0.2.tgz. Extracting by manifest.
1988 silly tarball no local data for @types/d3-shape@https://registry.npmjs.org/@types/d3-shape/-/d3-shape-3.1.8.tgz. Extracting by manifest.
1989 silly tarball no local data for @types/d3-array@https://registry.npmjs.org/@types/d3-array/-/d3-array-3.2.2.tgz. Extracting by manifest.
1990 silly tarball no local data for detect-node-es@https://registry.npmjs.org/detect-node-es/-/detect-node-es-1.1.0.tgz. Extracting by manifest.
1991 silly tarball no local data for client-only@https://registry.npmjs.org/client-only/-/client-only-0.0.1.tgz. Extracting by manifest.
1992 silly tarball no local data for @emnapi/runtime@https://registry.npmjs.org/@emnapi/runtime/-/runtime-1.10.0.tgz. Extracting by manifest.
1993 silly tarball no local data for @img/sharp-win32-x64@https://registry.npmjs.org/@img/sharp-win32-x64/-/sharp-win32-x64-0.34.5.tgz. Extracting by manifest.
1994 silly tarball no local data for @img/colour@https://registry.npmjs.org/@img/colour/-/colour-1.1.0.tgz. Extracting by manifest.
1995 silly tarball no local data for semver@https://registry.npmjs.org/semver/-/semver-7.8.1.tgz. Extracting by manifest.
1996 silly tarball no local data for escalade@https://registry.npmjs.org/escalade/-/escalade-3.2.0.tgz. Extracting by manifest.
1997 silly tarball no local data for @babel/runtime@https://registry.npmjs.org/@babel/runtime/-/runtime-7.29.7.tgz. Extracting by manifest.
1998 silly tarball no local data for js-tokens@https://registry.npmjs.org/js-tokens/-/js-tokens-4.0.0.tgz. Extracting by manifest.
1999 silly tarball no local data for decimal.js-light@https://registry.npmjs.org/decimal.js-light/-/decimal.js-light-2.5.1.tgz. Extracting by manifest.
2000 silly tarball no local data for dom-helpers@https://registry.npmjs.org/dom-helpers/-/dom-helpers-5.2.1.tgz. Extracting by manifest.
2001 silly tarball no local data for object-assign@https://registry.npmjs.org/object-assign/-/object-assign-4.1.1.tgz. Extracting by manifest.
2002 silly tarball no local data for loose-envify@https://registry.npmjs.org/loose-envify/-/loose-envify-1.4.0.tgz. Extracting by manifest.
2003 silly tarball no local data for victory-vendor@https://registry.npmjs.org/victory-vendor/-/victory-vendor-36.9.2.tgz. Extracting by manifest.
2004 silly tarball no local data for react-transition-group@https://registry.npmjs.org/react-transition-group/-/react-transition-group-4.4.5.tgz. Extracting by manifest.
2005 silly tarball no local data for fast-equals@https://registry.npmjs.org/fast-equals/-/fast-equals-5.4.0.tgz. Extracting by manifest.
2006 silly tarball no local data for prop-types@https://registry.npmjs.org/prop-types/-/prop-types-15.8.1.tgz. Extracting by manifest.
2007 silly tarball no local data for tiny-invariant@https://registry.npmjs.org/tiny-invariant/-/tiny-invariant-1.3.3.tgz. Extracting by manifest.
2008 silly tarball no local data for react-smooth@https://registry.npmjs.org/react-smooth/-/react-smooth-4.0.4.tgz. Extracting by manifest.
2009 silly tarball no local data for react-is@https://registry.npmjs.org/react-is/-/react-is-18.3.1.tgz. Extracting by manifest.
2010 silly tarball no local data for eventemitter3@https://registry.npmjs.org/eventemitter3/-/eventemitter3-4.0.7.tgz. Extracting by manifest.
2011 silly tarball no local data for recharts-scale@https://registry.npmjs.org/recharts-scale/-/recharts-scale-0.4.5.tgz. Extracting by manifest.
2012 silly tarball no local data for get-nonce@https://registry.npmjs.org/get-nonce/-/get-nonce-1.0.1.tgz. Extracting by manifest.
2013 silly tarball no local data for lodash@https://registry.npmjs.org/lodash/-/lodash-4.18.1.tgz. Extracting by manifest.
2014 silly tarball no local data for use-callback-ref@https://registry.npmjs.org/use-callback-ref/-/use-callback-ref-1.3.3.tgz. Extracting by manifest.
2015 silly tarball no local data for react-remove-scroll-bar@https://registry.npmjs.org/react-remove-scroll-bar/-/react-remove-scroll-bar-2.3.8.tgz. Extracting by manifest.
2016 silly tarball no local data for react-style-singleton@https://registry.npmjs.org/react-style-singleton/-/react-style-singleton-2.2.3.tgz. Extracting by manifest.
2017 silly tarball no local data for scheduler@https://registry.npmjs.org/scheduler/-/scheduler-0.27.0.tgz. Extracting by manifest.
2018 silly tarball no local data for @swc/helpers@https://registry.npmjs.org/@swc/helpers/-/helpers-0.5.15.tgz. Extracting by manifest.
2019 silly tarball no local data for @date-fns/tz@https://registry.npmjs.org/@date-fns/tz/-/tz-1.5.0.tgz. Extracting by manifest.
2020 silly tarball no local data for date-fns-jalali@https://registry.npmjs.org/date-fns-jalali/-/date-fns-jalali-4.1.0-0.tgz. Extracting by manifest.
2021 silly tarball no local data for use-sidecar@https://registry.npmjs.org/use-sidecar/-/use-sidecar-1.1.3.tgz. Extracting by manifest.
2022 silly tarball no local data for nanoid@https://registry.npmjs.org/nanoid/-/nanoid-3.3.12.tgz. Extracting by manifest.
2023 silly tarball no local data for @next/swc-win32-x64-msvc@https://registry.npmjs.org/@next/swc-win32-x64-msvc/-/swc-win32-x64-msvc-16.2.6.tgz. Extracting by manifest.
2024 silly tarball no local data for styled-jsx@https://registry.npmjs.org/styled-jsx/-/styled-jsx-5.1.6.tgz. Extracting by manifest.
2025 silly tarball no local data for detect-libc@https://registry.npmjs.org/detect-libc/-/detect-libc-2.1.2.tgz. Extracting by manifest.
2026 silly tarball no local data for motion-dom@https://registry.npmjs.org/motion-dom/-/motion-dom-12.40.0.tgz. Extracting by manifest.
2027 silly tarball no local data for lightningcss-win32-x64-msvc@https://registry.npmjs.org/lightningcss-win32-x64-msvc/-/lightningcss-win32-x64-msvc-1.32.0.tgz. Extracting by manifest.
2028 silly tarball no local data for @next/env@https://registry.npmjs.org/@next/env/-/env-16.2.6.tgz. Extracting by manifest.
2029 silly tarball no local data for sharp@https://registry.npmjs.org/sharp/-/sharp-0.34.5.tgz. Extracting by manifest.
2030 silly tarball no local data for graceful-fs@https://registry.npmjs.org/graceful-fs/-/graceful-fs-4.2.11.tgz. Extracting by manifest.
2031 silly tarball no local data for tapable@https://registry.npmjs.org/tapable/-/tapable-2.3.3.tgz. Extracting by manifest.
2032 silly tarball no local data for embla-carousel@https://registry.npmjs.org/embla-carousel/-/embla-carousel-8.6.0.tgz. Extracting by manifest.
2033 silly tarball no local data for motion-utils@https://registry.npmjs.org/motion-utils/-/motion-utils-12.39.0.tgz. Extracting by manifest.
2034 silly tarball no local data for embla-carousel-reactive-utils@https://registry.npmjs.org/embla-carousel-reactive-utils/-/embla-carousel-reactive-utils-8.6.0.tgz. Extracting by manifest.
2035 silly tarball no local data for update-browserslist-db@https://registry.npmjs.org/update-browserslist-db/-/update-browserslist-db-1.2.3.tgz. Extracting by manifest.
2036 silly tarball no local data for baseline-browser-mapping@https://registry.npmjs.org/baseline-browser-mapping/-/baseline-browser-mapping-2.10.32.tgz. Extracting by manifest.
2037 silly tarball no local data for node-releases@https://registry.npmjs.org/node-releases/-/node-releases-2.0.46.tgz. Extracting by manifest.
2038 silly tarball no local data for postcss-value-parser@https://registry.npmjs.org/postcss-value-parser/-/postcss-value-parser-4.2.0.tgz. Extracting by manifest.
2039 silly tarball no local data for electron-to-chromium@https://registry.npmjs.org/electron-to-chromium/-/electron-to-chromium-1.5.364.tgz. Extracting by manifest.
2040 silly tarball no local data for picocolors@https://registry.npmjs.org/picocolors/-/picocolors-1.1.1.tgz. Extracting by manifest.
2041 silly tarball no local data for fraction.js@https://registry.npmjs.org/fraction.js/-/fraction.js-5.3.4.tgz. Extracting by manifest.
2042 silly tarball no local data for @tailwindcss/oxide-win32-x64-msvc@https://registry.npmjs.org/@tailwindcss/oxide-win32-x64-msvc/-/oxide-win32-x64-msvc-4.3.0.tgz. Extracting by manifest.
2043 silly tarball no local data for tslib@https://registry.npmjs.org/tslib/-/tslib-2.8.1.tgz. Extracting by manifest.
2044 silly tarball no local data for browserslist@https://registry.npmjs.org/browserslist/-/browserslist-4.28.2.tgz. Extracting by manifest.
2045 silly tarball no local data for @jridgewell/sourcemap-codec@https://registry.npmjs.org/@jridgewell/sourcemap-codec/-/sourcemap-codec-1.5.5.tgz. Extracting by manifest.
2046 silly tarball no local data for undici-types@https://registry.npmjs.org/undici-types/-/undici-types-6.21.0.tgz. Extracting by manifest.
2047 silly tarball no local data for csstype@https://registry.npmjs.org/csstype/-/csstype-3.2.3.tgz. Extracting by manifest.
2048 silly tarball no local data for caniuse-lite@https://registry.npmjs.org/caniuse-lite/-/caniuse-lite-1.0.30001793.tgz. Extracting by manifest.
2049 silly tarball no local data for source-map-js@https://registry.npmjs.org/source-map-js/-/source-map-js-1.2.1.tgz. Extracting by manifest.
2050 silly tarball no local data for @jridgewell/resolve-uri@https://registry.npmjs.org/@jridgewell/resolve-uri/-/resolve-uri-3.1.2.tgz. Extracting by manifest.
2051 silly tarball no local data for @jridgewell/trace-mapping@https://registry.npmjs.org/@jridgewell/trace-mapping/-/trace-mapping-0.3.31.tgz. Extracting by manifest.
2052 silly tarball no local data for @jridgewell/gen-mapping@https://registry.npmjs.org/@jridgewell/gen-mapping/-/gen-mapping-0.3.13.tgz. Extracting by manifest.
2053 silly tarball no local data for @tailwindcss/oxide@https://registry.npmjs.org/@tailwindcss/oxide/-/oxide-4.3.0.tgz. Extracting by manifest.
2054 silly tarball no local data for jiti@https://registry.npmjs.org/jiti/-/jiti-2.7.0.tgz. Extracting by manifest.
2055 silly tarball no local data for magic-string@https://registry.npmjs.org/magic-string/-/magic-string-0.30.21.tgz. Extracting by manifest.
2056 silly tarball no local data for @jridgewell/remapping@https://registry.npmjs.org/@jridgewell/remapping/-/remapping-2.3.5.tgz. Extracting by manifest.
2057 silly tarball no local data for @tailwindcss/node@https://registry.npmjs.org/@tailwindcss/node/-/node-4.3.0.tgz. Extracting by manifest.
2058 silly tarball no local data for @alloc/quick-lru@https://registry.npmjs.org/@alloc/quick-lru/-/quick-lru-5.2.0.tgz. Extracting by manifest.
2059 silly tarball no local data for @radix-ui/react-use-effect-event@https://registry.npmjs.org/@radix-ui/react-use-effect-event/-/react-use-effect-event-0.0.2.tgz. Extracting by manifest.
2060 silly tarball no local data for enhanced-resolve@https://registry.npmjs.org/enhanced-resolve/-/enhanced-resolve-5.22.1.tgz. Extracting by manifest.
2061 silly tarball no local data for @radix-ui/number@https://registry.npmjs.org/@radix-ui/number/-/number-1.1.1.tgz. Extracting by manifest.
2062 silly tarball no local data for use-sync-external-store@https://registry.npmjs.org/use-sync-external-store/-/use-sync-external-store-1.6.0.tgz. Extracting by manifest.
2063 silly tarball no local data for lightningcss@https://registry.npmjs.org/lightningcss/-/lightningcss-1.32.0.tgz. Extracting by manifest.
2064 silly tarball no local data for @floating-ui/utils@https://registry.npmjs.org/@floating-ui/utils/-/utils-0.2.11.tgz. Extracting by manifest.
2065 silly tarball no local data for @radix-ui/rect@https://registry.npmjs.org/@radix-ui/rect/-/rect-1.1.1.tgz. Extracting by manifest.
2066 silly tarball no local data for @floating-ui/dom@https://registry.npmjs.org/@floating-ui/dom/-/dom-1.7.6.tgz. Extracting by manifest.
2067 silly tarball no local data for @radix-ui/react-arrow@https://registry.npmjs.org/@radix-ui/react-arrow/-/react-arrow-1.1.7.tgz. Extracting by manifest.
2068 silly tarball no local data for @floating-ui/core@https://registry.npmjs.org/@floating-ui/core/-/core-1.7.5.tgz. Extracting by manifest.
2069 silly tarball no local data for @radix-ui/react-use-rect@https://registry.npmjs.org/@radix-ui/react-use-rect/-/react-use-rect-1.1.1.tgz. Extracting by manifest.
2070 silly tarball no local data for @floating-ui/react-dom@https://registry.npmjs.org/@floating-ui/react-dom/-/react-dom-2.1.8.tgz. Extracting by manifest.
2071 silly tarball no local data for @radix-ui/react-visually-hidden@https://registry.npmjs.org/@radix-ui/react-visually-hidden/-/react-visually-hidden-1.2.3.tgz. Extracting by manifest.
2072 silly tarball no local data for @radix-ui/react-use-escape-keydown@https://registry.npmjs.org/@radix-ui/react-use-escape-keydown/-/react-use-escape-keydown-1.1.1.tgz. Extracting by manifest.
2073 silly tarball no local data for react-remove-scroll@https://registry.npmjs.org/react-remove-scroll/-/react-remove-scroll-2.7.2.tgz. Extracting by manifest.
2074 silly tarball no local data for @radix-ui/react-roving-focus@https://registry.npmjs.org/@radix-ui/react-roving-focus/-/react-roving-focus-1.1.11.tgz. Extracting by manifest.
2075 silly tarball no local data for aria-hidden@https://registry.npmjs.org/aria-hidden/-/aria-hidden-1.2.6.tgz. Extracting by manifest.
2076 silly tarball no local data for @radix-ui/react-focus-scope@https://registry.npmjs.org/@radix-ui/react-focus-scope/-/react-focus-scope-1.1.7.tgz. Extracting by manifest.
2077 silly tarball no local data for @radix-ui/react-focus-guards@https://registry.npmjs.org/@radix-ui/react-focus-guards/-/react-focus-guards-1.1.3.tgz. Extracting by manifest.
2078 silly tarball no local data for @radix-ui/react-portal@https://registry.npmjs.org/@radix-ui/react-portal/-/react-portal-1.1.9.tgz. Extracting by manifest.
2079 silly tarball no local data for @radix-ui/react-dismissable-layer@https://registry.npmjs.org/@radix-ui/react-dismissable-layer/-/react-dismissable-layer-1.1.11.tgz. Extracting by manifest.
2080 silly tarball no local data for @radix-ui/react-popper@https://registry.npmjs.org/@radix-ui/react-popper/-/react-popper-1.2.8.tgz. Extracting by manifest.
2081 silly tarball no local data for @radix-ui/react-use-size@https://registry.npmjs.org/@radix-ui/react-use-size/-/react-use-size-1.1.1.tgz. Extracting by manifest.
2082 silly tarball no local data for @radix-ui/react-use-layout-effect@https://registry.npmjs.org/@radix-ui/react-use-layout-effect/-/react-use-layout-effect-1.1.1.tgz. Extracting by manifest.
2083 silly tarball no local data for @radix-ui/react-use-is-hydrated@https://registry.npmjs.org/@radix-ui/react-use-is-hydrated/-/react-use-is-hydrated-0.1.0.tgz. Extracting by manifest.
2084 silly tarball no local data for @radix-ui/react-presence@https://registry.npmjs.org/@radix-ui/react-presence/-/react-presence-1.1.5.tgz. Extracting by manifest.
2085 silly tarball no local data for @radix-ui/react-use-callback-ref@https://registry.npmjs.org/@radix-ui/react-use-callback-ref/-/react-use-callback-ref-1.1.1.tgz. Extracting by manifest.
2086 silly tarball no local data for @radix-ui/react-use-previous@https://registry.npmjs.org/@radix-ui/react-use-previous/-/react-use-previous-1.1.1.tgz. Extracting by manifest.
2087 silly tarball no local data for @radix-ui/react-menu@https://registry.npmjs.org/@radix-ui/react-menu/-/react-menu-2.1.16.tgz. Extracting by manifest.
2088 silly tarball no local data for @radix-ui/react-use-controllable-state@https://registry.npmjs.org/@radix-ui/react-use-controllable-state/-/react-use-controllable-state-1.2.2.tgz. Extracting by manifest.
2089 silly tarball no local data for @radix-ui/react-id@https://registry.npmjs.org/@radix-ui/react-id/-/react-id-1.1.1.tgz. Extracting by manifest.
2090 silly tarball no local data for @radix-ui/react-direction@https://registry.npmjs.org/@radix-ui/react-direction/-/react-direction-1.1.1.tgz. Extracting by manifest.
2091 silly tarball no local data for @radix-ui/react-primitive@https://registry.npmjs.org/@radix-ui/react-primitive/-/react-primitive-2.1.3.tgz. Extracting by manifest.
2092 silly tarball no local data for vaul@https://registry.npmjs.org/vaul/-/vaul-1.1.2.tgz. Extracting by manifest.
2093 silly tarball no local data for @radix-ui/react-context@https://registry.npmjs.org/@radix-ui/react-context/-/react-context-1.1.2.tgz. Extracting by manifest.
2094 silly tarball no local data for zod@https://registry.npmjs.org/zod/-/zod-3.25.76.tgz. Extracting by manifest.
2095 silly tarball no local data for @radix-ui/react-compose-refs@https://registry.npmjs.org/@radix-ui/react-compose-refs/-/react-compose-refs-1.1.2.tgz. Extracting by manifest.
2096 silly tarball no local data for @radix-ui/react-collection@https://registry.npmjs.org/@radix-ui/react-collection/-/react-collection-1.1.7.tgz. Extracting by manifest.
2097 silly tarball no local data for tw-animate-css@https://registry.npmjs.org/tw-animate-css/-/tw-animate-css-1.3.3.tgz. Extracting by manifest.
2098 silly tarball no local data for typescript@https://registry.npmjs.org/typescript/-/typescript-5.7.3.tgz. Extracting by manifest.
2099 silly tarball no local data for @radix-ui/primitive@https://registry.npmjs.org/@radix-ui/primitive/-/primitive-1.1.3.tgz. Extracting by manifest.
2100 silly tarball no local data for tailwindcss@https://registry.npmjs.org/tailwindcss/-/tailwindcss-4.3.0.tgz. Extracting by manifest.
2101 silly tarball no local data for tailwind-merge@https://registry.npmjs.org/tailwind-merge/-/tailwind-merge-3.6.0.tgz. Extracting by manifest.
2102 silly tarball no local data for sonner@https://registry.npmjs.org/sonner/-/sonner-1.7.4.tgz. Extracting by manifest.
2103 silly tarball no local data for recharts@https://registry.npmjs.org/recharts/-/recharts-2.15.0.tgz. Extracting by manifest.
2104 silly tarball no local data for react-day-picker@https://registry.npmjs.org/react-day-picker/-/react-day-picker-9.13.2.tgz. Extracting by manifest.
2105 silly tarball no local data for react-resizable-panels@https://registry.npmjs.org/react-resizable-panels/-/react-resizable-panels-2.1.9.tgz. Extracting by manifest.
2106 silly tarball no local data for next-themes@https://registry.npmjs.org/next-themes/-/next-themes-0.4.6.tgz. Extracting by manifest.
2107 silly tarball no local data for next@https://registry.npmjs.org/next/-/next-16.2.6.tgz. Extracting by manifest.
2108 silly tarball no local data for input-otp@https://registry.npmjs.org/input-otp/-/input-otp-1.4.2.tgz. Extracting by manifest.
2109 silly tarball no local data for framer-motion@https://registry.npmjs.org/framer-motion/-/framer-motion-12.40.0.tgz. Extracting by manifest.
2110 silly tarball no local data for embla-carousel-react@https://registry.npmjs.org/embla-carousel-react/-/embla-carousel-react-8.6.0.tgz. Extracting by manifest.
2111 silly tarball no local data for date-fns@https://registry.npmjs.org/date-fns/-/date-fns-4.1.0.tgz. Extracting by manifest.
2112 silly tarball no local data for cmdk@https://registry.npmjs.org/cmdk/-/cmdk-1.1.1.tgz. Extracting by manifest.
2113 silly tarball no local data for class-variance-authority@https://registry.npmjs.org/class-variance-authority/-/class-variance-authority-0.7.1.tgz. Extracting by manifest.
2114 silly tarball no local data for clsx@https://registry.npmjs.org/clsx/-/clsx-2.1.1.tgz. Extracting by manifest.
2115 silly tarball no local data for autoprefixer@https://registry.npmjs.org/autoprefixer/-/autoprefixer-10.5.0.tgz. Extracting by manifest.
2116 silly tarball no local data for postcss@https://registry.npmjs.org/postcss/-/postcss-8.5.15.tgz. Extracting by manifest.
2117 silly tarball no local data for lucide-react@https://registry.npmjs.org/lucide-react/-/lucide-react-0.564.0.tgz. Extracting by manifest.
2118 silly tarball no local data for @vercel/analytics@https://registry.npmjs.org/@vercel/analytics/-/analytics-1.6.1.tgz. Extracting by manifest.
2119 silly tarball no local data for @tailwindcss/postcss@https://registry.npmjs.org/@tailwindcss/postcss/-/postcss-4.3.0.tgz. Extracting by manifest.
2120 silly tarball no local data for @types/node@https://registry.npmjs.org/@types/node/-/node-22.19.19.tgz. Extracting by manifest.
2121 silly tarball no local data for @types/react-dom@https://registry.npmjs.org/@types/react-dom/-/react-dom-19.2.3.tgz. Extracting by manifest.
2122 silly tarball no local data for @types/react@https://registry.npmjs.org/@types/react/-/react-19.2.15.tgz. Extracting by manifest.
2123 silly tarball no local data for @radix-ui/react-tooltip@https://registry.npmjs.org/@radix-ui/react-tooltip/-/react-tooltip-1.2.8.tgz. Extracting by manifest.
2124 silly tarball no local data for @radix-ui/react-toggle-group@https://registry.npmjs.org/@radix-ui/react-toggle-group/-/react-toggle-group-1.1.11.tgz. Extracting by manifest.
2125 silly tarball no local data for @radix-ui/react-switch@https://registry.npmjs.org/@radix-ui/react-switch/-/react-switch-1.2.6.tgz. Extracting by manifest.
2126 silly tarball no local data for @radix-ui/react-slot@https://registry.npmjs.org/@radix-ui/react-slot/-/react-slot-1.2.4.tgz. Extracting by manifest.
2127 silly tarball no local data for @radix-ui/react-toast@https://registry.npmjs.org/@radix-ui/react-toast/-/react-toast-1.2.15.tgz. Extracting by manifest.
2128 silly tarball no local data for @radix-ui/react-slider@https://registry.npmjs.org/@radix-ui/react-slider/-/react-slider-1.3.6.tgz. Extracting by manifest.
2129 silly tarball no local data for @radix-ui/react-separator@https://registry.npmjs.org/@radix-ui/react-separator/-/react-separator-1.1.8.tgz. Extracting by manifest.
2130 silly tarball no local data for @radix-ui/react-toggle@https://registry.npmjs.org/@radix-ui/react-toggle/-/react-toggle-1.1.10.tgz. Extracting by manifest.
2131 silly tarball no local data for @radix-ui/react-select@https://registry.npmjs.org/@radix-ui/react-select/-/react-select-2.2.6.tgz. Extracting by manifest.
2132 silly tarball no local data for @radix-ui/react-tabs@https://registry.npmjs.org/@radix-ui/react-tabs/-/react-tabs-1.1.13.tgz. Extracting by manifest.
2133 silly tarball no local data for @radix-ui/react-scroll-area@https://registry.npmjs.org/@radix-ui/react-scroll-area/-/react-scroll-area-1.2.10.tgz. Extracting by manifest.
2134 silly tarball no local data for @radix-ui/react-navigation-menu@https://registry.npmjs.org/@radix-ui/react-navigation-menu/-/react-navigation-menu-1.2.14.tgz. Extracting by manifest.
2135 silly tarball no local data for @radix-ui/react-radio-group@https://registry.npmjs.org/@radix-ui/react-radio-group/-/react-radio-group-1.3.8.tgz. Extracting by manifest.
2136 silly tarball no local data for @radix-ui/react-progress@https://registry.npmjs.org/@radix-ui/react-progress/-/react-progress-1.1.8.tgz. Extracting by manifest.
2137 silly tarball no local data for @radix-ui/react-menubar@https://registry.npmjs.org/@radix-ui/react-menubar/-/react-menubar-1.1.16.tgz. Extracting by manifest.
2138 silly tarball no local data for @radix-ui/react-popover@https://registry.npmjs.org/@radix-ui/react-popover/-/react-popover-1.1.15.tgz. Extracting by manifest.
2139 silly tarball no local data for @radix-ui/react-hover-card@https://registry.npmjs.org/@radix-ui/react-hover-card/-/react-hover-card-1.1.15.tgz. Extracting by manifest.
2140 silly tarball no local data for @radix-ui/react-label@https://registry.npmjs.org/@radix-ui/react-label/-/react-label-2.1.8.tgz. Extracting by manifest.
2141 silly tarball no local data for @radix-ui/react-collapsible@https://registry.npmjs.org/@radix-ui/react-collapsible/-/react-collapsible-1.1.12.tgz. Extracting by manifest.
2142 silly tarball no local data for @radix-ui/react-dropdown-menu@https://registry.npmjs.org/@radix-ui/react-dropdown-menu/-/react-dropdown-menu-2.1.16.tgz. Extracting by manifest.
2143 silly tarball no local data for @radix-ui/react-avatar@https://registry.npmjs.org/@radix-ui/react-avatar/-/react-avatar-1.1.11.tgz. Extracting by manifest.
2144 silly tarball no local data for @radix-ui/react-checkbox@https://registry.npmjs.org/@radix-ui/react-checkbox/-/react-checkbox-1.3.3.tgz. Extracting by manifest.
2145 silly tarball no local data for @radix-ui/react-dialog@https://registry.npmjs.org/@radix-ui/react-dialog/-/react-dialog-1.1.15.tgz. Extracting by manifest.
2146 silly tarball no local data for react-dom@https://registry.npmjs.org/react-dom/-/react-dom-19.2.6.tgz. Extracting by manifest.
2147 silly tarball no local data for @radix-ui/react-aspect-ratio@https://registry.npmjs.org/@radix-ui/react-aspect-ratio/-/react-aspect-ratio-1.1.8.tgz. Extracting by manifest.
2148 silly tarball no local data for @radix-ui/react-context-menu@https://registry.npmjs.org/@radix-ui/react-context-menu/-/react-context-menu-2.2.16.tgz. Extracting by manifest.
2149 silly tarball no local data for react@https://registry.npmjs.org/react/-/react-19.2.6.tgz. Extracting by manifest.
2150 silly tarball no local data for @radix-ui/react-alert-dialog@https://registry.npmjs.org/@radix-ui/react-alert-dialog/-/react-alert-dialog-1.1.15.tgz. Extracting by manifest.
2151 silly tarball no local data for react-hook-form@https://registry.npmjs.org/react-hook-form/-/react-hook-form-7.76.1.tgz. Extracting by manifest.
2152 silly tarball no local data for @radix-ui/react-accordion@https://registry.npmjs.org/@radix-ui/react-accordion/-/react-accordion-1.2.12.tgz. Extracting by manifest.
2153 silly tarball no local data for @radix-ui/react-slot@https://registry.npmjs.org/@radix-ui/react-slot/-/react-slot-1.2.3.tgz. Extracting by manifest.
2154 silly tarball no local data for react-is@https://registry.npmjs.org/react-is/-/react-is-16.13.1.tgz. Extracting by manifest.
2155 silly tarball no local data for @hookform/resolvers@https://registry.npmjs.org/@hookform/resolvers/-/resolvers-3.10.0.tgz. Extracting by manifest.
2156 silly tarball no local data for @radix-ui/react-slot@https://registry.npmjs.org/@radix-ui/react-slot/-/react-slot-1.2.3.tgz. Extracting by manifest.
2157 silly tarball no local data for postcss@https://registry.npmjs.org/postcss/-/postcss-8.4.31.tgz. Extracting by manifest.
2158 silly tarball no local data for @radix-ui/react-slot@https://registry.npmjs.org/@radix-ui/react-slot/-/react-slot-1.2.3.tgz. Extracting by manifest.
2159 silly tarball no local data for @radix-ui/react-slot@https://registry.npmjs.org/@radix-ui/react-slot/-/react-slot-1.2.3.tgz. Extracting by manifest.
2160 silly tarball no local data for @radix-ui/react-slot@https://registry.npmjs.org/@radix-ui/react-slot/-/react-slot-1.2.3.tgz. Extracting by manifest.
2161 silly tarball no local data for @radix-ui/react-primitive@https://registry.npmjs.org/@radix-ui/react-primitive/-/react-primitive-2.1.4.tgz. Extracting by manifest.
2162 silly tarball no local data for @radix-ui/react-primitive@https://registry.npmjs.org/@radix-ui/react-primitive/-/react-primitive-2.1.4.tgz. Extracting by manifest.
2163 silly tarball no local data for @radix-ui/react-slot@https://registry.npmjs.org/@radix-ui/react-slot/-/react-slot-1.2.3.tgz. Extracting by manifest.
2164 silly tarball no local data for @radix-ui/react-primitive@https://registry.npmjs.org/@radix-ui/react-primitive/-/react-primitive-2.1.4.tgz. Extracting by manifest.
2165 silly tarball no local data for @radix-ui/react-context@https://registry.npmjs.org/@radix-ui/react-context/-/react-context-1.1.3.tgz. Extracting by manifest.
2166 silly tarball no local data for @radix-ui/react-slot@https://registry.npmjs.org/@radix-ui/react-slot/-/react-slot-1.2.3.tgz. Extracting by manifest.
2167 silly tarball no local data for @radix-ui/react-context@https://registry.npmjs.org/@radix-ui/react-context/-/react-context-1.1.3.tgz. Extracting by manifest.
2168 silly tarball no local data for @radix-ui/react-primitive@https://registry.npmjs.org/@radix-ui/react-primitive/-/react-primitive-2.1.4.tgz. Extracting by manifest.
2169 silly tarball no local data for @radix-ui/react-primitive@https://registry.npmjs.org/@radix-ui/react-primitive/-/react-primitive-2.1.4.tgz. Extracting by manifest.
2170 silly tarball no local data for @radix-ui/react-slot@https://registry.npmjs.org/@radix-ui/react-slot/-/react-slot-1.2.3.tgz. Extracting by manifest.
2171 http fetch POST 200 https://registry.npmjs.org/-/npm/v1/security/advisories/bulk 280ms
2172 silly audit report {
2172 silly audit report   postcss: [
2172 silly audit report     {
2172 silly audit report       id: 1117015,
2172 silly audit report       url: 'https://github.com/advisories/GHSA-qx2v-qp2m-jg93',
2172 silly audit report       title: 'PostCSS has XSS via Unescaped </style> in its CSS Stringify Output',
2172 silly audit report       severity: 'moderate',
2172 silly audit report       vulnerable_versions: '<8.5.10',
2172 silly audit report       cwe: [Array],
2172 silly audit report       cvss: [Object]
2172 silly audit report     }
2172 silly audit report   ]
2172 silly audit report }
2173 silly packumentCache corgi:https://registry.npmjs.org/postcss cache-miss
2174 http fetch GET 200 https://registry.npmjs.org/@types/d3-time/-/d3-time-3.0.4.tgz 697ms (cache miss)
2175 http fetch GET 200 https://registry.npmjs.org/d3-timer/-/d3-timer-3.0.1.tgz 822ms (cache miss)
2176 http fetch GET 200 https://registry.npmjs.org/d3-path/-/d3-path-3.1.0.tgz 837ms (cache miss)
2177 http fetch GET 200 https://registry.npmjs.org/d3-scale/-/d3-scale-4.0.2.tgz 873ms (cache miss)
2178 http fetch GET 200 https://registry.npmjs.org/d3-time/-/d3-time-3.1.0.tgz 897ms (cache miss)
2179 http fetch GET 200 https://registry.npmjs.org/d3-interpolate/-/d3-interpolate-3.0.1.tgz 910ms (cache miss)
2180 http fetch GET 200 https://registry.npmjs.org/@types/d3-timer/-/d3-timer-3.0.2.tgz 937ms (cache miss)
2181 http fetch GET 200 https://registry.npmjs.org/@types/d3-scale/-/d3-scale-4.0.9.tgz 1041ms (cache miss)
2182 http fetch GET 200 https://registry.npmjs.org/@types/d3-interpolate/-/d3-interpolate-3.0.4.tgz 1050ms (cache miss)
2183 http fetch GET 200 https://registry.npmjs.org/internmap/-/internmap-2.0.3.tgz 1065ms (cache miss)
2184 http fetch GET 200 https://registry.npmjs.org/@types/d3-ease/-/d3-ease-3.0.2.tgz 1075ms (cache miss)
2185 http fetch GET 200 https://registry.npmjs.org/@types/d3-path/-/d3-path-3.1.1.tgz 1116ms (cache miss)
2186 http fetch GET 200 https://registry.npmjs.org/d3-ease/-/d3-ease-3.0.1.tgz 1119ms (cache miss)
2187 http fetch GET 200 https://registry.npmjs.org/d3-format/-/d3-format-3.1.2.tgz 1124ms (cache miss)
2188 http fetch GET 200 https://registry.npmjs.org/d3-shape/-/d3-shape-3.2.0.tgz 1149ms (cache miss)
2189 http fetch GET 200 https://registry.npmjs.org/d3-array/-/d3-array-3.2.4.tgz 1162ms (cache miss)
2190 http fetch GET 200 https://registry.npmjs.org/detect-node-es/-/detect-node-es-1.1.0.tgz 1163ms (cache miss)
2191 http fetch GET 200 https://registry.npmjs.org/d3-time-format/-/d3-time-format-4.1.0.tgz 1194ms (cache miss)
2192 http fetch GET 200 https://registry.npmjs.org/client-only/-/client-only-0.0.1.tgz 1240ms (cache miss)
2193 http fetch GET 200 https://registry.npmjs.org/@img/colour/-/colour-1.1.0.tgz 1302ms (cache miss)
2194 http fetch GET 200 https://registry.npmjs.org/@types/d3-shape/-/d3-shape-3.1.8.tgz 1306ms (cache miss)
2195 http fetch GET 200 https://registry.npmjs.org/js-tokens/-/js-tokens-4.0.0.tgz 1334ms (cache miss)
2196 http fetch GET 200 https://registry.npmjs.org/escalade/-/escalade-3.2.0.tgz 1342ms (cache miss)
2197 http fetch GET 200 https://registry.npmjs.org/decimal.js-light/-/decimal.js-light-2.5.1.tgz 1376ms (cache miss)
2198 http fetch GET 200 https://registry.npmjs.org/object-assign/-/object-assign-4.1.1.tgz 1398ms (cache miss)
2199 http fetch GET 200 https://registry.npmjs.org/loose-envify/-/loose-envify-1.4.0.tgz 1441ms (cache miss)
2200 http fetch GET 200 https://registry.npmjs.org/semver/-/semver-7.8.1.tgz 1551ms (cache miss)
2201 http fetch GET 200 https://registry.npmjs.org/@types/d3-array/-/d3-array-3.2.2.tgz 1568ms (cache miss)
2202 http fetch GET 200 https://registry.npmjs.org/@emnapi/runtime/-/runtime-1.10.0.tgz 1576ms (cache miss)
2203 http fetch GET 200 https://registry.npmjs.org/@babel/runtime/-/runtime-7.29.7.tgz 1581ms (cache miss)
2204 http fetch GET 200 https://registry.npmjs.org/prop-types/-/prop-types-15.8.1.tgz 1597ms (cache miss)
2205 http fetch GET 200 https://registry.npmjs.org/tiny-invariant/-/tiny-invariant-1.3.3.tgz 1609ms (cache miss)
2206 http fetch GET 200 https://registry.npmjs.org/dom-helpers/-/dom-helpers-5.2.1.tgz 1637ms (cache miss)
2207 http fetch GET 200 https://registry.npmjs.org/eventemitter3/-/eventemitter3-4.0.7.tgz 1650ms (cache miss)
2208 http fetch GET 200 https://registry.npmjs.org/get-nonce/-/get-nonce-1.0.1.tgz 1811ms (cache miss)
2209 http fetch GET 200 https://registry.npmjs.org/react-style-singleton/-/react-style-singleton-2.2.3.tgz 1851ms (cache miss)
2210 http fetch GET 200 https://registry.npmjs.org/react-remove-scroll-bar/-/react-remove-scroll-bar-2.3.8.tgz 1860ms (cache miss)
2211 http fetch GET 200 https://registry.npmjs.org/fast-equals/-/fast-equals-5.4.0.tgz 1872ms (cache miss)
2212 http fetch GET 200 https://registry.npmjs.org/react-smooth/-/react-smooth-4.0.4.tgz 1888ms (cache miss)
2213 http fetch GET 200 https://registry.npmjs.org/use-callback-ref/-/use-callback-ref-1.3.3.tgz 1894ms (cache miss)
2214 http fetch GET 200 https://registry.npmjs.org/recharts-scale/-/recharts-scale-0.4.5.tgz 1959ms (cache miss)
2215 http fetch GET 200 https://registry.npmjs.org/react-is/-/react-is-18.3.1.tgz 1984ms (cache miss)
2216 http fetch GET 200 https://registry.npmjs.org/victory-vendor/-/victory-vendor-36.9.2.tgz 2004ms (cache miss)
2217 http fetch GET 200 https://registry.npmjs.org/@types/d3-color/-/d3-color-3.1.3.tgz 2034ms (cache miss)
2218 http fetch GET 200 https://registry.npmjs.org/@date-fns/tz/-/tz-1.5.0.tgz 2095ms (cache miss)
2219 http fetch GET 200 https://registry.npmjs.org/scheduler/-/scheduler-0.27.0.tgz 2102ms (cache miss)
2220 http fetch GET 200 https://registry.npmjs.org/nanoid/-/nanoid-3.3.12.tgz 2107ms (cache miss)
2221 http fetch GET 200 https://registry.npmjs.org/d3-color/-/d3-color-3.1.0.tgz 2177ms (cache miss)
2222 http fetch GET 200 https://registry.npmjs.org/detect-libc/-/detect-libc-2.1.2.tgz 2260ms (cache miss)
2223 http fetch GET 200 https://registry.npmjs.org/graceful-fs/-/graceful-fs-4.2.11.tgz 2303ms (cache miss)
2224 http fetch GET 200 https://registry.npmjs.org/@next/env/-/env-16.2.6.tgz 2329ms (cache miss)
2225 http fetch GET 200 https://registry.npmjs.org/sharp/-/sharp-0.34.5.tgz 2400ms (cache miss)
2226 http fetch GET 200 https://registry.npmjs.org/tapable/-/tapable-2.3.3.tgz 2409ms (cache miss)
2227 http fetch GET 200 https://registry.npmjs.org/styled-jsx/-/styled-jsx-5.1.6.tgz 2521ms (cache miss)
2228 http fetch GET 200 https://registry.npmjs.org/embla-carousel-reactive-utils/-/embla-carousel-reactive-utils-8.6.0.tgz 2550ms (cache miss)
2229 http fetch GET 200 https://registry.npmjs.org/update-browserslist-db/-/update-browserslist-db-1.2.3.tgz 2567ms (cache miss)
2230 http fetch GET 200 https://registry.npmjs.org/node-releases/-/node-releases-2.0.46.tgz 2630ms (cache miss)
2231 http fetch GET 200 https://registry.npmjs.org/@swc/helpers/-/helpers-0.5.15.tgz 2643ms (cache miss)
2232 http fetch GET 200 https://registry.npmjs.org/react-transition-group/-/react-transition-group-4.4.5.tgz 2700ms (cache miss)
2233 http fetch GET 200 https://registry.npmjs.org/postcss-value-parser/-/postcss-value-parser-4.2.0.tgz 2757ms (cache miss)
2234 http fetch GET 200 https://registry.npmjs.org/picocolors/-/picocolors-1.1.1.tgz 2790ms (cache miss)
2235 http fetch GET 200 https://registry.npmjs.org/motion-utils/-/motion-utils-12.39.0.tgz 2839ms (cache miss)
2236 http fetch GET 200 https://registry.npmjs.org/browserslist/-/browserslist-4.28.2.tgz 2998ms (cache miss)
2237 http fetch GET 200 https://registry.npmjs.org/electron-to-chromium/-/electron-to-chromium-1.5.364.tgz 3008ms (cache miss)
2238 http fetch GET 200 https://registry.npmjs.org/baseline-browser-mapping/-/baseline-browser-mapping-2.10.32.tgz 3060ms (cache miss)
2239 http fetch GET 200 https://registry.npmjs.org/fraction.js/-/fraction.js-5.3.4.tgz 3080ms (cache miss)
2240 http fetch GET 200 https://registry.npmjs.org/lodash/-/lodash-4.18.1.tgz 3108ms (cache miss)
2241 http fetch GET 200 https://registry.npmjs.org/undici-types/-/undici-types-6.21.0.tgz 3110ms (cache miss)
2242 http fetch GET 200 https://registry.npmjs.org/use-sidecar/-/use-sidecar-1.1.3.tgz 3154ms (cache miss)
2243 http fetch GET 200 https://registry.npmjs.org/tslib/-/tslib-2.8.1.tgz 3195ms (cache miss)
2244 http fetch GET 200 https://registry.npmjs.org/@jridgewell/sourcemap-codec/-/sourcemap-codec-1.5.5.tgz 3276ms (cache miss)
2245 http fetch GET 200 https://registry.npmjs.org/@jridgewell/resolve-uri/-/resolve-uri-3.1.2.tgz 3319ms (cache miss)
2246 http fetch GET 200 https://registry.npmjs.org/source-map-js/-/source-map-js-1.2.1.tgz 3324ms (cache miss)
2247 http fetch GET 200 https://registry.npmjs.org/@jridgewell/trace-mapping/-/trace-mapping-0.3.31.tgz 3645ms (cache miss)
2248 http fetch GET 200 https://registry.npmjs.org/@jridgewell/remapping/-/remapping-2.3.5.tgz 3649ms (cache miss)
2249 http fetch GET 200 https://registry.npmjs.org/@tailwindcss/oxide/-/oxide-4.3.0.tgz 3672ms (cache miss)
2250 http fetch GET 200 https://registry.npmjs.org/magic-string/-/magic-string-0.30.21.tgz 3832ms (cache miss)
2251 http fetch GET 200 https://registry.npmjs.org/csstype/-/csstype-3.2.3.tgz 3887ms (cache miss)
2252 http fetch GET 200 https://registry.npmjs.org/embla-carousel/-/embla-carousel-8.6.0.tgz 3904ms (cache miss)
2253 http fetch GET 200 https://registry.npmjs.org/@radix-ui/react-use-effect-event/-/react-use-effect-event-0.0.2.tgz 3936ms (cache miss)
2254 http fetch GET 200 https://registry.npmjs.org/enhanced-resolve/-/enhanced-resolve-5.22.1.tgz 3981ms (cache miss)
2255 http fetch GET 200 https://registry.npmjs.org/@radix-ui/number/-/number-1.1.1.tgz 4054ms (cache miss)
2256 http fetch GET 200 https://registry.npmjs.org/@radix-ui/rect/-/rect-1.1.1.tgz 4191ms (cache miss)
2257 http fetch GET 200 https://registry.npmjs.org/@tailwindcss/node/-/node-4.3.0.tgz 4206ms (cache miss)
2258 http fetch GET 200 https://registry.npmjs.org/caniuse-lite/-/caniuse-lite-1.0.30001793.tgz 4209ms (cache miss)
2259 http fetch GET 200 https://registry.npmjs.org/@jridgewell/gen-mapping/-/gen-mapping-0.3.13.tgz 4303ms (cache miss)
2260 http fetch GET 200 https://registry.npmjs.org/@radix-ui/react-arrow/-/react-arrow-1.1.7.tgz 4357ms (cache miss)
2261 http fetch GET 200 https://registry.npmjs.org/@radix-ui/react-use-rect/-/react-use-rect-1.1.1.tgz 4466ms (cache miss)
2262 http fetch GET 200 https://registry.npmjs.org/use-sync-external-store/-/use-sync-external-store-1.6.0.tgz 4469ms (cache miss)
2263 http fetch GET 200 https://registry.npmjs.org/@floating-ui/utils/-/utils-0.2.11.tgz 4478ms (cache miss)
2264 http fetch GET 200 https://registry.npmjs.org/@floating-ui/dom/-/dom-1.7.6.tgz 4629ms (cache miss)
2265 http fetch GET 200 https://registry.npmjs.org/@radix-ui/react-visually-hidden/-/react-visually-hidden-1.2.3.tgz 4651ms (cache miss)
2266 http fetch GET 200 https://registry.npmjs.org/date-fns-jalali/-/date-fns-jalali-4.1.0-0.tgz 4697ms (cache miss)
2267 http fetch GET 200 https://registry.npmjs.org/@radix-ui/react-use-escape-keydown/-/react-use-escape-keydown-1.1.1.tgz 4869ms (cache miss)
2268 http fetch GET 200 https://registry.npmjs.org/aria-hidden/-/aria-hidden-1.2.6.tgz 4919ms (cache miss)
2269 http fetch GET 200 https://registry.npmjs.org/@alloc/quick-lru/-/quick-lru-5.2.0.tgz 5016ms (cache miss)
2270 http fetch GET 200 https://registry.npmjs.org/react-remove-scroll/-/react-remove-scroll-2.7.2.tgz 5104ms (cache miss)
2271 http fetch GET 200 https://registry.npmjs.org/@floating-ui/core/-/core-1.7.5.tgz 5120ms (cache miss)
2272 http fetch GET 200 https://registry.npmjs.org/@radix-ui/react-focus-guards/-/react-focus-guards-1.1.3.tgz 5152ms (cache miss)
2273 http fetch GET 200 https://registry.npmjs.org/@radix-ui/react-roving-focus/-/react-roving-focus-1.1.11.tgz 5155ms (cache miss)
2274 http fetch GET 200 https://registry.npmjs.org/@radix-ui/react-focus-scope/-/react-focus-scope-1.1.7.tgz 5229ms (cache miss)
2275 http fetch GET 200 https://registry.npmjs.org/@radix-ui/react-portal/-/react-portal-1.1.9.tgz 5230ms (cache miss)
2276 http fetch GET 200 https://registry.npmjs.org/lightningcss/-/lightningcss-1.32.0.tgz 5305ms (cache miss)
2277 http fetch GET 200 https://registry.npmjs.org/@radix-ui/react-use-size/-/react-use-size-1.1.1.tgz 5320ms (cache miss)
2278 http fetch GET 200 https://registry.npmjs.org/@radix-ui/react-dismissable-layer/-/react-dismissable-layer-1.1.11.tgz 5340ms (cache miss)
2279 http fetch GET 200 https://registry.npmjs.org/@radix-ui/react-popper/-/react-popper-1.2.8.tgz 5342ms (cache miss)
2280 http fetch GET 200 https://registry.npmjs.org/@radix-ui/react-use-layout-effect/-/react-use-layout-effect-1.1.1.tgz 5396ms (cache miss)
2281 http fetch GET 200 https://registry.npmjs.org/@radix-ui/react-use-is-hydrated/-/react-use-is-hydrated-0.1.0.tgz 5437ms (cache miss)
2282 http fetch GET 200 https://registry.npmjs.org/@floating-ui/react-dom/-/react-dom-2.1.8.tgz 5551ms (cache miss)
2283 http fetch GET 200 https://registry.npmjs.org/@radix-ui/react-use-callback-ref/-/react-use-callback-ref-1.1.1.tgz 5601ms (cache miss)
2284 http fetch GET 200 https://registry.npmjs.org/@radix-ui/react-use-previous/-/react-use-previous-1.1.1.tgz 5603ms (cache miss)
2285 http fetch GET 200 https://registry.npmjs.org/@radix-ui/react-use-controllable-state/-/react-use-controllable-state-1.2.2.tgz 5605ms (cache miss)
2286 http fetch GET 200 https://registry.npmjs.org/@radix-ui/react-id/-/react-id-1.1.1.tgz 5638ms (cache miss)
2287 http fetch GET 200 https://registry.npmjs.org/@radix-ui/react-presence/-/react-presence-1.1.5.tgz 5640ms (cache miss)
2288 http fetch GET 200 https://registry.npmjs.org/@radix-ui/react-menu/-/react-menu-2.1.16.tgz 5658ms (cache miss)
2289 http fetch GET 200 https://registry.npmjs.org/jiti/-/jiti-2.7.0.tgz 5675ms (cache miss)
2290 http fetch GET 200 https://registry.npmjs.org/@radix-ui/react-direction/-/react-direction-1.1.1.tgz 5695ms (cache miss)
2291 http fetch GET 200 https://registry.npmjs.org/@radix-ui/react-primitive/-/react-primitive-2.1.3.tgz 5757ms (cache miss)
2292 http fetch GET 200 https://registry.npmjs.org/@radix-ui/react-context/-/react-context-1.1.2.tgz 5845ms (cache miss)
2293 http fetch GET 200 https://registry.npmjs.org/tw-animate-css/-/tw-animate-css-1.3.3.tgz 5888ms (cache miss)
2294 http fetch GET 200 https://registry.npmjs.org/@radix-ui/primitive/-/primitive-1.1.3.tgz 5898ms (cache miss)
2295 http fetch GET 200 https://registry.npmjs.org/@radix-ui/react-compose-refs/-/react-compose-refs-1.1.2.tgz 6142ms (cache miss)
2296 http fetch GET 200 https://registry.npmjs.org/vaul/-/vaul-1.1.2.tgz 6283ms (cache miss)
2297 http fetch GET 200 https://registry.npmjs.org/@radix-ui/react-collection/-/react-collection-1.1.7.tgz 6346ms (cache miss)
2298 http fetch GET 200 https://registry.npmjs.org/tailwind-merge/-/tailwind-merge-3.6.0.tgz 6409ms (cache miss)
2299 http fetch GET 200 https://registry.npmjs.org/tailwindcss/-/tailwindcss-4.3.0.tgz 6412ms (cache miss)
2300 http fetch GET 200 https://registry.npmjs.org/sonner/-/sonner-1.7.4.tgz 6445ms (cache miss)
2301 http fetch GET 200 https://registry.npmjs.org/next-themes/-/next-themes-0.4.6.tgz 6557ms (cache miss)
2302 http fetch GET 200 https://registry.npmjs.org/cmdk/-/cmdk-1.1.1.tgz 6827ms (cache miss)
2303 http fetch GET 200 https://registry.npmjs.org/input-otp/-/input-otp-1.4.2.tgz 6981ms (cache miss)
2304 http fetch GET 200 https://registry.npmjs.org/embla-carousel-react/-/embla-carousel-react-8.6.0.tgz 7103ms (cache miss)
2305 http fetch GET 200 https://registry.npmjs.org/class-variance-authority/-/class-variance-authority-0.7.1.tgz 7197ms (cache miss)
2306 http fetch GET 200 https://registry.npmjs.org/clsx/-/clsx-2.1.1.tgz 7349ms (cache miss)
2307 http fetch GET 200 https://registry.npmjs.org/react-day-picker/-/react-day-picker-9.13.2.tgz 7363ms (cache miss)
2308 http fetch GET 200 https://registry.npmjs.org/autoprefixer/-/autoprefixer-10.5.0.tgz 7487ms (cache miss)
2309 http fetch GET 200 https://registry.npmjs.org/zod/-/zod-3.25.76.tgz 7812ms (cache miss)
2310 http fetch GET 200 https://registry.npmjs.org/postcss/-/postcss-8.5.15.tgz 7937ms (cache miss)
2311 http fetch GET 200 https://registry.npmjs.org/@vercel/analytics/-/analytics-1.6.1.tgz 8567ms (cache miss)
2312 http fetch GET 200 https://registry.npmjs.org/@tailwindcss/oxide-win32-x64-msvc/-/oxide-win32-x64-msvc-4.3.0.tgz 8615ms (cache miss)
2313 http fetch GET 200 https://registry.npmjs.org/@tailwindcss/postcss/-/postcss-4.3.0.tgz 8623ms (cache miss)
2314 http fetch GET 200 https://registry.npmjs.org/@types/react-dom/-/react-dom-19.2.3.tgz 8853ms (cache miss)
2315 http fetch GET 200 https://registry.npmjs.org/@img/sharp-win32-x64/-/sharp-win32-x64-0.34.5.tgz 8909ms (cache miss)
2316 http fetch GET 200 https://registry.npmjs.org/@radix-ui/react-toggle-group/-/react-toggle-group-1.1.11.tgz 8946ms (cache miss)
2317 http fetch GET 200 https://registry.npmjs.org/framer-motion/-/framer-motion-12.40.0.tgz 8979ms (cache miss)
2318 http fetch GET 200 https://registry.npmjs.org/@radix-ui/react-slot/-/react-slot-1.2.4.tgz 9149ms (cache miss)
2319 http fetch GET 200 https://registry.npmjs.org/@radix-ui/react-tooltip/-/react-tooltip-1.2.8.tgz 9273ms (cache miss)
2320 http fetch GET 200 https://registry.npmjs.org/@radix-ui/react-switch/-/react-switch-1.2.6.tgz 9443ms (cache miss)
2321 http fetch GET 200 https://registry.npmjs.org/@types/react/-/react-19.2.15.tgz 9444ms (cache miss)
2322 http fetch GET 200 https://registry.npmjs.org/@radix-ui/react-slider/-/react-slider-1.3.6.tgz 9611ms (cache miss)
2323 http fetch GET 200 https://registry.npmjs.org/react-resizable-panels/-/react-resizable-panels-2.1.9.tgz 9661ms (cache miss)
2324 http fetch GET 200 https://registry.npmjs.org/@radix-ui/react-separator/-/react-separator-1.1.8.tgz 9737ms (cache miss)
2325 http fetch GET 200 https://registry.npmjs.org/@radix-ui/react-toggle/-/react-toggle-1.1.10.tgz 9743ms (cache miss)
2326 http fetch GET 200 https://registry.npmjs.org/@radix-ui/react-toast/-/react-toast-1.2.15.tgz 9754ms (cache miss)
2327 http fetch GET 200 https://registry.npmjs.org/@radix-ui/react-radio-group/-/react-radio-group-1.3.8.tgz 10075ms (cache miss)
2328 http fetch GET 200 https://registry.npmjs.org/@radix-ui/react-progress/-/react-progress-1.1.8.tgz 10116ms (cache miss)
2329 http fetch GET 200 https://registry.npmjs.org/@radix-ui/react-select/-/react-select-2.2.6.tgz 10134ms (cache miss)
2330 http fetch GET 200 https://registry.npmjs.org/@radix-ui/react-menubar/-/react-menubar-1.1.16.tgz 10183ms (cache miss)
2331 http fetch GET 200 https://registry.npmjs.org/@radix-ui/react-tabs/-/react-tabs-1.1.13.tgz 10202ms (cache miss)
2332 http fetch GET 200 https://registry.npmjs.org/@radix-ui/react-popover/-/react-popover-1.1.15.tgz 10352ms (cache miss)
2333 http fetch GET 200 https://registry.npmjs.org/motion-dom/-/motion-dom-12.40.0.tgz 10403ms (cache miss)
2334 http fetch GET 200 https://registry.npmjs.org/@radix-ui/react-hover-card/-/react-hover-card-1.1.15.tgz 10415ms (cache miss)
2335 http fetch GET 200 https://registry.npmjs.org/@radix-ui/react-collapsible/-/react-collapsible-1.1.12.tgz 10419ms (cache miss)
2336 http fetch GET 200 https://registry.npmjs.org/@radix-ui/react-navigation-menu/-/react-navigation-menu-1.2.14.tgz 10427ms (cache miss)
2337 http fetch GET 200 https://registry.npmjs.org/@radix-ui/react-scroll-area/-/react-scroll-area-1.2.10.tgz 10428ms (cache miss)
2338 http fetch GET 200 https://registry.npmjs.org/@radix-ui/react-dropdown-menu/-/react-dropdown-menu-2.1.16.tgz 10471ms (cache miss)
2339 http fetch GET 200 https://registry.npmjs.org/lightningcss-win32-x64-msvc/-/lightningcss-win32-x64-msvc-1.32.0.tgz 10515ms (cache miss)
2340 http fetch GET 200 https://registry.npmjs.org/@radix-ui/react-context-menu/-/react-context-menu-2.2.16.tgz 10655ms (cache miss)
2341 http fetch GET 200 https://registry.npmjs.org/@radix-ui/react-dialog/-/react-dialog-1.1.15.tgz 10669ms (cache miss)
2342 http fetch GET 200 https://registry.npmjs.org/@radix-ui/react-label/-/react-label-2.1.8.tgz 10679ms (cache miss)
2343 http fetch GET 200 https://registry.npmjs.org/@radix-ui/react-alert-dialog/-/react-alert-dialog-1.1.15.tgz 10741ms (cache miss)
2344 http fetch GET 200 https://registry.npmjs.org/react/-/react-19.2.6.tgz 10760ms (cache miss)
2345 http fetch GET 200 https://registry.npmjs.org/@radix-ui/react-avatar/-/react-avatar-1.1.11.tgz 10838ms (cache miss)
2346 http fetch GET 200 https://registry.npmjs.org/@radix-ui/react-checkbox/-/react-checkbox-1.3.3.tgz 10847ms (cache miss)
2347 http fetch GET 200 https://registry.npmjs.org/@radix-ui/react-slot/-/react-slot-1.2.3.tgz 10937ms (cache miss)
2348 http fetch GET 200 https://registry.npmjs.org/@radix-ui/react-accordion/-/react-accordion-1.2.12.tgz 10978ms (cache miss)
2349 http fetch GET 200 https://registry.npmjs.org/@radix-ui/react-slot/-/react-slot-1.2.3.tgz 11050ms (cache miss)
2350 http fetch GET 200 https://registry.npmjs.org/react-hook-form/-/react-hook-form-7.76.1.tgz 11172ms (cache miss)
2351 http fetch GET 200 https://registry.npmjs.org/@radix-ui/react-slot/-/react-slot-1.2.3.tgz 11196ms (cache miss)
2352 http fetch GET 200 https://registry.npmjs.org/@radix-ui/react-slot/-/react-slot-1.2.3.tgz 11262ms (cache miss)
2353 http fetch GET 200 https://registry.npmjs.org/react-is/-/react-is-16.13.1.tgz 11267ms (cache miss)
2354 http fetch GET 200 https://registry.npmjs.org/@radix-ui/react-primitive/-/react-primitive-2.1.4.tgz 11292ms (cache miss)
2355 http fetch GET 200 https://registry.npmjs.org/@radix-ui/react-primitive/-/react-primitive-2.1.4.tgz 11382ms (cache miss)
2356 http fetch GET 200 https://registry.npmjs.org/@hookform/resolvers/-/resolvers-3.10.0.tgz 11438ms (cache miss)
2357 http fetch GET 200 https://registry.npmjs.org/@radix-ui/react-slot/-/react-slot-1.2.3.tgz 11457ms (cache miss)
2358 http fetch GET 200 https://registry.npmjs.org/@radix-ui/react-aspect-ratio/-/react-aspect-ratio-1.1.8.tgz 11512ms (cache miss)
2359 http fetch GET 200 https://registry.npmjs.org/@radix-ui/react-primitive/-/react-primitive-2.1.4.tgz 11512ms (cache miss)
2360 http fetch GET 200 https://registry.npmjs.org/@radix-ui/react-context/-/react-context-1.1.3.tgz 11513ms (cache miss)
2361 http fetch GET 200 https://registry.npmjs.org/postcss/-/postcss-8.4.31.tgz 11576ms (cache miss)
2362 http fetch GET 200 https://registry.npmjs.org/@radix-ui/react-context/-/react-context-1.1.3.tgz 11622ms (cache miss)
2363 http fetch GET 200 https://registry.npmjs.org/@radix-ui/react-slot/-/react-slot-1.2.3.tgz 11682ms (cache miss)
2364 http fetch GET 200 https://registry.npmjs.org/@radix-ui/react-primitive/-/react-primitive-2.1.4.tgz 11701ms (cache miss)
2365 http fetch GET 200 https://registry.npmjs.org/@radix-ui/react-slot/-/react-slot-1.2.3.tgz 11863ms (cache miss)
2366 http fetch GET 200 https://registry.npmjs.org/postcss 11710ms (cache miss)
2367 silly packumentCache corgi:https://registry.npmjs.org/postcss set size:undefined disposed:false
2368 silly packumentCache corgi:https://registry.npmjs.org/next cache-miss
2369 http fetch GET 200 https://registry.npmjs.org/@types/node/-/node-22.19.19.tgz 12032ms (cache miss)
2370 http fetch GET 200 https://registry.npmjs.org/@radix-ui/react-primitive/-/react-primitive-2.1.4.tgz 12117ms (cache miss)
2371 http fetch GET 200 https://registry.npmjs.org/lucide-react/-/lucide-react-0.564.0.tgz 12636ms (cache miss)
2372 http fetch GET 200 https://registry.npmjs.org/@radix-ui/react-slot/-/react-slot-1.2.3.tgz 12644ms (cache miss)
2373 http fetch GET 200 https://registry.npmjs.org/recharts/-/recharts-2.15.0.tgz 12770ms (cache miss)
2374 warn deprecated recharts@2.15.0: 1.x and 2.x branches are no longer active. Bump to Recharts v3 to receive latest features and bugfixes. See https://github.com/recharts/recharts/wiki/3.0-migration-guide
2375 http fetch GET 200 https://registry.npmjs.org/typescript/-/typescript-5.7.3.tgz 13372ms (cache miss)
2376 http fetch GET 200 https://registry.npmjs.org/react-dom/-/react-dom-19.2.6.tgz 14485ms (cache miss)
2377 http fetch GET 200 https://registry.npmjs.org/date-fns/-/date-fns-4.1.0.tgz 18570ms (cache miss)
2378 http fetch GET 200 https://registry.npmjs.org/@next/swc-win32-x64-msvc/-/swc-win32-x64-msvc-16.2.6.tgz 18670ms (cache miss)
2379 http fetch GET 200 https://registry.npmjs.org/next 18011ms (cache miss)
2380 silly packumentCache corgi:https://registry.npmjs.org/next set size:undefined disposed:false
2381 silly packumentCache corgi:https://registry.npmjs.org/@vercel%2fanalytics cache-miss
2382 http fetch GET 200 https://registry.npmjs.org/@vercel%2fanalytics 312ms (cache miss)
2383 silly packumentCache corgi:https://registry.npmjs.org/@vercel%2fanalytics set size:undefined disposed:false
2384 http fetch GET 200 https://registry.npmjs.org/next/-/next-16.2.6.tgz 54225ms (cache miss)
2385 info run sharp@0.34.5 install node_modules/sharp node install/check.js || npm run build
2386 info run sharp@0.34.5 install { code: 0, signal: null }
2387 silly ADD node_modules/d3-path
2388 silly ADD node_modules/d3-time-format
2389 silly ADD node_modules/d3-format
2390 silly ADD node_modules/d3-color
2391 silly ADD node_modules/internmap
2392 silly ADD node_modules/@types/d3-path
2393 silly ADD node_modules/@types/d3-color
2394 silly ADD node_modules/d3-timer
2395 silly ADD node_modules/d3-time
2396 silly ADD node_modules/d3-shape
2397 silly ADD node_modules/d3-scale
2398 silly ADD node_modules/d3-interpolate
2399 silly ADD node_modules/d3-ease
2400 silly ADD node_modules/d3-array
2401 silly ADD node_modules/@types/d3-timer
2402 silly ADD node_modules/@types/d3-time
2403 silly ADD node_modules/@types/d3-shape
2404 silly ADD node_modules/@types/d3-scale
2405 silly ADD node_modules/@types/d3-interpolate
2406 silly ADD node_modules/@types/d3-ease
2407 silly ADD node_modules/@types/d3-array
2408 silly ADD node_modules/detect-node-es
2409 silly ADD node_modules/escalade
2410 silly ADD node_modules/client-only
2411 silly ADD node_modules/@emnapi/runtime
2412 silly ADD node_modules/semver
2413 silly ADD node_modules/@img/sharp-win32-x64
2414 silly ADD node_modules/@img/sharp-win32-ia32
2415 silly ADD node_modules/@img/sharp-win32-arm64
2416 silly ADD node_modules/@img/sharp-wasm32
2417 silly ADD node_modules/@img/sharp-linuxmusl-x64
2418 silly ADD node_modules/@img/sharp-linuxmusl-arm64
2419 silly ADD node_modules/@img/sharp-linux-x64
2420 silly ADD node_modules/@img/sharp-linux-s390x
2421 silly ADD node_modules/@img/sharp-linux-riscv64
2422 silly ADD node_modules/@img/sharp-linux-ppc64
2423 silly ADD node_modules/@img/sharp-linux-arm64
2424 silly ADD node_modules/@img/sharp-linux-arm
2425 silly ADD node_modules/@img/sharp-libvips-linuxmusl-x64
2426 silly ADD node_modules/@img/sharp-libvips-linuxmusl-arm64
2427 silly ADD node_modules/@img/sharp-libvips-linux-x64
2428 silly ADD node_modules/@img/sharp-libvips-linux-s390x
2429 silly ADD node_modules/@img/sharp-libvips-linux-riscv64
2430 silly ADD node_modules/@img/sharp-libvips-linux-ppc64
2431 silly ADD node_modules/@img/sharp-libvips-linux-arm64
2432 silly ADD node_modules/@img/sharp-libvips-linux-arm
2433 silly ADD node_modules/@img/sharp-libvips-darwin-x64
2434 silly ADD node_modules/@img/sharp-libvips-darwin-arm64
2435 silly ADD node_modules/@img/sharp-darwin-x64
2436 silly ADD node_modules/@img/sharp-darwin-arm64
2437 silly ADD node_modules/@img/colour
2438 silly ADD node_modules/decimal.js-light
2439 silly ADD node_modules/dom-helpers
2440 silly ADD node_modules/@babel/runtime
2441 silly ADD node_modules/js-tokens
2442 silly ADD node_modules/object-assign
2443 silly ADD node_modules/loose-envify
2444 silly ADD node_modules/react-transition-group
2445 silly ADD node_modules/prop-types
2446 silly ADD node_modules/prop-types/node_modules/react-is
2447 silly ADD node_modules/fast-equals
2448 silly ADD node_modules/victory-vendor
2449 silly ADD node_modules/tiny-invariant
2450 silly ADD node_modules/recharts-scale
2451 silly ADD node_modules/react-smooth
2452 silly ADD node_modules/react-is
2453 silly ADD node_modules/lodash
2454 silly ADD node_modules/eventemitter3
2455 silly ADD node_modules/get-nonce
2456 silly ADD node_modules/use-sidecar
2457 silly ADD node_modules/use-callback-ref
2458 silly ADD node_modules/react-style-singleton
2459 silly ADD node_modules/react-remove-scroll-bar
2460 silly ADD node_modules/scheduler
2461 silly ADD node_modules/date-fns-jalali
2462 silly ADD node_modules/@date-fns/tz
2463 silly ADD node_modules/nanoid
2464 silly ADD node_modules/styled-jsx
2465 silly ADD node_modules/sharp
2466 silly ADD node_modules/@swc/helpers
2467 silly ADD node_modules/@next/swc-win32-x64-msvc
2468 silly ADD node_modules/@next/swc-win32-arm64-msvc
2469 silly ADD node_modules/@next/swc-linux-x64-musl
2470 silly ADD node_modules/@next/swc-linux-x64-gnu
2471 silly ADD node_modules/@next/swc-linux-arm64-musl
2472 silly ADD node_modules/@next/swc-linux-arm64-gnu
2473 silly ADD node_modules/@next/swc-darwin-x64
2474 silly ADD node_modules/@next/swc-darwin-arm64
2475 silly ADD node_modules/@next/env
2476 silly ADD node_modules/lightningcss-win32-x64-msvc
2477 silly ADD node_modules/lightningcss-win32-arm64-msvc
2478 silly ADD node_modules/lightningcss-linux-x64-musl
2479 silly ADD node_modules/lightningcss-linux-x64-gnu
2480 silly ADD node_modules/lightningcss-linux-arm64-musl
2481 silly ADD node_modules/lightningcss-linux-arm64-gnu
2482 silly ADD node_modules/lightningcss-linux-arm-gnueabihf
2483 silly ADD node_modules/lightningcss-freebsd-x64
2484 silly ADD node_modules/lightningcss-darwin-x64
2485 silly ADD node_modules/lightningcss-darwin-arm64
2486 silly ADD node_modules/lightningcss-android-arm64
2487 silly ADD node_modules/detect-libc
2488 silly ADD node_modules/motion-utils
2489 silly ADD node_modules/motion-dom
2490 silly ADD node_modules/tapable
2491 silly ADD node_modules/graceful-fs
2492 silly ADD node_modules/embla-carousel-reactive-utils
2493 silly ADD node_modules/embla-carousel
2494 silly ADD node_modules/update-browserslist-db
2495 silly ADD node_modules/node-releases
2496 silly ADD node_modules/electron-to-chromium
2497 silly ADD node_modules/baseline-browser-mapping
2498 silly ADD node_modules/postcss-value-parser
2499 silly ADD node_modules/picocolors
2500 silly ADD node_modules/fraction.js
2501 silly ADD node_modules/caniuse-lite
2502 silly ADD node_modules/browserslist
2503 silly ADD node_modules/tslib
2504 silly ADD node_modules/csstype
2505 silly ADD node_modules/undici-types
2506 silly ADD node_modules/@tailwindcss/oxide-win32-x64-msvc
2507 silly ADD node_modules/@tailwindcss/oxide-win32-arm64-msvc
2508 silly ADD node_modules/@tailwindcss/oxide-wasm32-wasi
2509 silly ADD node_modules/@tailwindcss/oxide-linux-x64-musl
2510 silly ADD node_modules/@tailwindcss/oxide-linux-x64-gnu
2511 silly ADD node_modules/@tailwindcss/oxide-linux-arm64-musl
2512 silly ADD node_modules/@tailwindcss/oxide-linux-arm64-gnu
2513 silly ADD node_modules/@tailwindcss/oxide-linux-arm-gnueabihf
2514 silly ADD node_modules/@tailwindcss/oxide-freebsd-x64
2515 silly ADD node_modules/@tailwindcss/oxide-darwin-x64
2516 silly ADD node_modules/@tailwindcss/oxide-darwin-arm64
2517 silly ADD node_modules/@tailwindcss/oxide-android-arm64
2518 silly ADD node_modules/@jridgewell/resolve-uri
2519 silly ADD node_modules/@jridgewell/sourcemap-codec
2520 silly ADD node_modules/@jridgewell/trace-mapping
2521 silly ADD node_modules/@jridgewell/gen-mapping
2522 silly ADD node_modules/source-map-js
2523 silly ADD node_modules/magic-string
2524 silly ADD node_modules/lightningcss
2525 silly ADD node_modules/jiti
2526 silly ADD node_modules/enhanced-resolve
2527 silly ADD node_modules/@jridgewell/remapping
2528 silly ADD node_modules/@tailwindcss/oxide
2529 silly ADD node_modules/@tailwindcss/node
2530 silly ADD node_modules/@alloc/quick-lru
2531 silly ADD node_modules/use-sync-external-store
2532 silly ADD node_modules/@radix-ui/react-use-effect-event
2533 silly ADD node_modules/@radix-ui/number
2534 silly ADD node_modules/@floating-ui/utils
2535 silly ADD node_modules/@floating-ui/core
2536 silly ADD node_modules/@floating-ui/dom
2537 silly ADD node_modules/@radix-ui/rect
2538 silly ADD node_modules/@radix-ui/react-use-rect
2539 silly ADD node_modules/@radix-ui/react-arrow
2540 silly ADD node_modules/@floating-ui/react-dom
2541 silly ADD node_modules/@radix-ui/react-visually-hidden
2542 silly ADD node_modules/@radix-ui/react-roving-focus
2543 silly ADD node_modules/@radix-ui/react-popper
2544 silly ADD node_modules/@radix-ui/react-use-escape-keydown
2545 silly ADD node_modules/react-remove-scroll
2546 silly ADD node_modules/aria-hidden
2547 silly ADD node_modules/@radix-ui/react-portal
2548 silly ADD node_modules/@radix-ui/react-focus-scope
2549 silly ADD node_modules/@radix-ui/react-focus-guards
2550 silly ADD node_modules/@radix-ui/react-dismissable-layer
2551 silly ADD node_modules/@radix-ui/react-menu
2552 silly ADD node_modules/@radix-ui/react-menu/node_modules/@radix-ui/react-slot
2553 silly ADD node_modules/@radix-ui/react-use-size
2554 silly ADD node_modules/@radix-ui/react-use-previous
2555 silly ADD node_modules/@radix-ui/react-presence
2556 silly ADD node_modules/@radix-ui/react-use-layout-effect
2557 silly ADD node_modules/@radix-ui/react-use-is-hydrated
2558 silly ADD node_modules/@radix-ui/react-use-callback-ref
2559 silly ADD node_modules/@radix-ui/react-use-controllable-state
2560 silly ADD node_modules/@radix-ui/react-primitive
2561 silly ADD node_modules/@radix-ui/react-primitive/node_modules/@radix-ui/react-slot
2562 silly ADD node_modules/@radix-ui/react-id
2563 silly ADD node_modules/@radix-ui/react-direction
2564 silly ADD node_modules/@radix-ui/react-context
2565 silly ADD node_modules/@radix-ui/react-compose-refs
2566 silly ADD node_modules/@radix-ui/react-collection
2567 silly ADD node_modules/@radix-ui/react-collection/node_modules/@radix-ui/react-slot
2568 silly ADD node_modules/@radix-ui/primitive
2569 silly ADD node_modules/zod
2570 silly ADD node_modules/vaul
2571 silly ADD node_modules/typescript
2572 silly ADD node_modules/tw-animate-css
2573 silly ADD node_modules/tailwindcss
2574 silly ADD node_modules/tailwind-merge
2575 silly ADD node_modules/sonner
2576 silly ADD node_modules/recharts
2577 silly ADD node_modules/react-resizable-panels
2578 silly ADD node_modules/react-day-picker
2579 silly ADD node_modules/next-themes
2580 silly ADD node_modules/next
2581 silly ADD node_modules/next/node_modules/postcss
2582 silly ADD node_modules/lucide-react
2583 silly ADD node_modules/input-otp
2584 silly ADD node_modules/framer-motion
2585 silly ADD node_modules/embla-carousel-react
2586 silly ADD node_modules/date-fns
2587 silly ADD node_modules/cmdk
2588 silly ADD node_modules/clsx
2589 silly ADD node_modules/class-variance-authority
2590 silly ADD node_modules/postcss
2591 silly ADD node_modules/autoprefixer
2592 silly ADD node_modules/@vercel/analytics
2593 silly ADD node_modules/@types/react-dom
2594 silly ADD node_modules/@types/react
2595 silly ADD node_modules/@types/node
2596 silly ADD node_modules/@tailwindcss/postcss
2597 silly ADD node_modules/@radix-ui/react-tooltip
2598 silly ADD node_modules/@radix-ui/react-tooltip/node_modules/@radix-ui/react-slot
2599 silly ADD node_modules/@radix-ui/react-toggle-group
2600 silly ADD node_modules/@radix-ui/react-toggle
2601 silly ADD node_modules/@radix-ui/react-toast
2602 silly ADD node_modules/@radix-ui/react-tabs
2603 silly ADD node_modules/@radix-ui/react-switch
2604 silly ADD node_modules/@radix-ui/react-slot
2605 silly ADD node_modules/@radix-ui/react-slider
2606 silly ADD node_modules/@radix-ui/react-separator
2607 silly ADD node_modules/@radix-ui/react-separator/node_modules/@radix-ui/react-primitive
2608 silly ADD node_modules/@radix-ui/react-select
2609 silly ADD node_modules/@radix-ui/react-select/node_modules/@radix-ui/react-slot
2610 silly ADD node_modules/@radix-ui/react-scroll-area
2611 silly ADD node_modules/@radix-ui/react-radio-group
2612 silly ADD node_modules/@radix-ui/react-progress
2613 silly ADD node_modules/@radix-ui/react-progress/node_modules/@radix-ui/react-primitive
2614 silly ADD node_modules/@radix-ui/react-progress/node_modules/@radix-ui/react-context
2615 silly ADD node_modules/@radix-ui/react-popover
2616 silly ADD node_modules/@radix-ui/react-popover/node_modules/@radix-ui/react-slot
2617 silly ADD node_modules/@radix-ui/react-navigation-menu
2618 silly ADD node_modules/@radix-ui/react-menubar
2619 silly ADD node_modules/@radix-ui/react-label
2620 silly ADD node_modules/@radix-ui/react-label/node_modules/@radix-ui/react-primitive
2621 silly ADD node_modules/@radix-ui/react-hover-card
2622 silly ADD node_modules/@radix-ui/react-dropdown-menu
2623 silly ADD node_modules/@radix-ui/react-dialog
2624 silly ADD node_modules/@radix-ui/react-dialog/node_modules/@radix-ui/react-slot
2625 silly ADD node_modules/@radix-ui/react-context-menu
2626 silly ADD node_modules/@radix-ui/react-collapsible
2627 silly ADD node_modules/@radix-ui/react-checkbox
2628 silly ADD node_modules/@radix-ui/react-avatar
2629 silly ADD node_modules/@radix-ui/react-avatar/node_modules/@radix-ui/react-primitive
2630 silly ADD node_modules/@radix-ui/react-avatar/node_modules/@radix-ui/react-context
2631 silly ADD node_modules/@radix-ui/react-aspect-ratio
2632 silly ADD node_modules/@radix-ui/react-aspect-ratio/node_modules/@radix-ui/react-primitive
2633 silly ADD node_modules/@radix-ui/react-alert-dialog
2634 silly ADD node_modules/@radix-ui/react-alert-dialog/node_modules/@radix-ui/react-slot
2635 silly ADD node_modules/react-dom
2636 silly ADD node_modules/@radix-ui/react-accordion
2637 silly ADD node_modules/react
2638 silly ADD node_modules/react-hook-form
2639 silly ADD node_modules/@hookform/resolvers
2640 verbose cwd D:\Project\Reviewly
2641 verbose os Windows_NT 10.0.26200
2642 verbose node v24.11.0
2643 verbose npm  v11.6.1
2644 verbose exit 0
2645 info ok
